地名,センター,燃えるごみ,燃えないごみ,資源物
公文名,環境資源ギャラリー ,火 金,20210408 20210422 20210506 20210520 20210603 20210617 20210701 20210715 20210729 20210812 20210826 20210909 20210923 20211007 20211021 20211104 20211118 20211202 20211216 20220106 20220120 20220203 20220217 20220303 20220317 20220331,20210401 20210415 20210429 20210513 20210527 20210610 20210624 20210708 20210722 20210805 20210819 20210902 20210916 20210930 20211014 20211028 20211111 20211125 20211209 20211223 20220113 20220127 20220210 20220224 20220310 20220324
沢田,環境資源ギャラリー ,火 金,20210408 20210422 20210506 20210520 20210603 20210617 20210701 20210715 20210729 20210812 20210826 20210909 20210923 20211007 20211021 20211104 20211118 20211202 20211216 20220106 20220120 20220203 20220217 20220303 20220317 20220331,20210401 20210415 20210429 20210513 20210527 20210610 20210624 20210708 20210722 20210805 20210819 20210902 20210916 20210930 20211014 20211028 20211111 20211125 20211209 20211223 20220113 20220127 20220210 20220224 20220310 20220324
島川,環境資源ギャラリー ,火 金,20210408 20210422 20210506 20210520 20210603 20210617 20210701 20210715 20210729 20210812 20210826 20210909 20210923 20211007 20211021 20211104 20211118 20211202 20211216 20220106 20220120 20220203 20220217 20220303 20220317 20220331,20210401 20210415 20210429 20210513 20210527 20210610 20210624 20210708 20210722 20210805 20210819 20210902 20210916 20210930 20211014 20211028 20211111 20211125 20211209 20211223 20220113 20220127 20220210 20220224 20220310 20220324
田ヶ谷,環境資源ギャラリー ,火 金,20210408 20210422 20210506 20210520 20210603 20210617 20210701 20210715 20210729 20210812 20210826 20210909 20210923 20211007 20211021 20211104 20211118 20211202 20211216 20220106 20220120 20220203 20220217 20220303 20220317 20220331,20210401 20210415 20210429 20210513 20210527 20210610 20210624 20210708 20210722 20210805 20210819 20210902 20210916 20210930 20211014 20211028 20211111 20211125 20211209 20211223 20220113 20220127 20220210 20220224 20220310 20220324
堀田上,環境資源ギャラリー ,火 金,20210408 20210422 20210506 20210520 20210603 20210617 20210701 20210715 20210729 20210812 20210826 20210909 20210923 20211007 20211021 20211104 20211118 20211202 20211216 20220106 20220120 20220203 20220217 20220303 20220317 20220331,20210401 20210415 20210429 20210513 20210527 20210610 20210624 20210708 20210722 20210805 20210819 20210902 20210916 20210930 20211014 20211028 20211111 20211125 20211209 20211223 20220113 20220127 20220210 20220224 20220310 20220324
堀田下,環境資源ギャラリー ,火 金,20210408 20210422 20210506 20210520 20210603 20210617 20210701 20210715 20210729 20210812 20210826 20210909 20210923 20211007 20211021 20211104 20211118 20211202 20211216 20220106 20220120 20220203 20220217 20220303 20220317 20220331,20210401 20210415 20210429 20210513 20210527 20210610 20210624 20210708 20210722 20210805 20210819 20210902 20210916 20210930 20211014 20211028 20211111 20211125 20211209 20211223 20220113 20220127 20220210 20220224 20220310 20220324
堀之内,環境資源ギャラリー ,火 金,20210408 20210422 20210506 20210520 20210603 20210617 20210701 20210715 20210729 20210812 20210826 20210909 20210923 20211007 20211021 20211104 20211118 20211202 20211216 20220106 20220120 20220203 20220217 20220303 20220317 20220331,20210401 20210415 20210429 20210513 20210527 20210610 20210624 20210708 20210722 20210805 20210819 20210902 20210916 20210930 20211014 20211028 20211111 20211125 20211209 20211223 20220113 20220127 20220210 20220224 20220310 20220324
日吉町,環境資源ギャラリー ,火 金,20210408 20210422 20210506 20210520 20210603 20210617 20210701 20210715 20210729 20210812 20210826 20210909 20210923 20211007 20211021 20211104 20211118 20211202 20211216 20220106 20220120 20220203 20220217 20220303 20220317 20220331,20210401 20210415 20210429 20210513 20210527 20210610 20210624 20210708 20210722 20210805 20210819 20210902 20210916 20210930 20211014 20211028 20211111 20211125 20211209 20211223 20220113 20220127 20220210 20220224 20220310 20220324
宮前,環境資源ギャラリー ,火 金,20210408 20210422 20210506 20210520 20210603 20210617 20210701 20210715 20210729 20210812 20210826 20210909 20210923 20211007 20211021 20211104 20211118 20211202 20211216 20220106 20220120 20220203 20220217 20220303 20220317 20220331,20210401 20210415 20210429 20210513 20210527 20210610 20210624 20210708 20210722 20210805 20210819 20210902 20210916 20210930 20211014 20211028 20211111 20211125 20211209 20211223 20220113 20220127 20220210 20220224 20220310 20220324
西通り,環境資源ギャラリー ,火 金,20210408 20210422 20210506 20210520 20210603 20210617 20210701 20210715 20210729 20210812 20210826 20210909 20210923 20211007 20211021 20211104 20211118 20211202 20211216 20220106 20220120 20220203 20220217 20220303 20220317 20220331,20210401 20210415 20210429 20210513 20210527 20210610 20210624 20210708 20210722 20210805 20210819 20210902 20210916 20210930 20211014 20211028 20211111 20211125 20211209 20211223 20220113 20220127 20220210 20220224 20220310 20220324
本通り上,環境資源ギャラリー ,火 金,20210408 20210422 20210506 20210520 20210603 20210617 20210701 20210715 20210729 20210812 20210826 20210909 20210923 20211007 20211021 20211104 20211118 20211202 20211216 20220106 20220120 20220203 20220217 20220303 20220317 20220331,20210401 20210415 20210429 20210513 20210527 20210610 20210624 20210708 20210722 20210805 20210819 20210902 20210916 20210930 20211014 20211028 20211111 20211125 20211209 20211223 20220113 20220127 20220210 20220224 20220310 20220324
本通り下,環境資源ギャラリー ,火 金,20210408 20210422 20210506 20210520 20210603 20210617 20210701 20210715 20210729 20210812 20210826 20210909 20210923 20211007 20211021 20211104 20211118 20211202 20211216 20220106 20220120 20220203 20220217 20220303 20220317 20220331,20210401 20210415 20210429 20210513 20210527 20210610 20210624 20210708 20210722 20210805 20210819 20210902 20210916 20210930 20211014 20211028 20211111 20211125 20211209 20211223 20220113 20220127 20220210 20220224 20220310 20220324
新通,環境資源ギャラリー ,火 金,20210408 20210422 20210506 20210520 20210603 20210617 20210701 20210715 20210729 20210812 20210826 20210909 20210923 20211007 20211021 20211104 20211118 20211202 20211216 20220106 20220120 20220203 20220217 20220303 20220317 20220331,20210401 20210415 20210429 20210513 20210527 20210610 20210624 20210708 20210722 20210805 20210819 20210902 20210916 20210930 20211014 20211028 20211111 20211125 20211209 20211223 20220113 20220127 20220210 20220224 20220310 20220324
初咲町,環境資源ギャラリー ,火 金,20210408 20210422 20210506 20210520 20210603 20210617 20210701 20210715 20210729 20210812 20210826 20210909 20210923 20211007 20211021 20211104 20211118 20211202 20211216 20220106 20220120 20220203 20220217 20220303 20220317 20220331,20210401 20210415 20210429 20210513 20210527 20210610 20210624 20210708 20210722 20210805 20210819 20210902 20210916 20210930 20211014 20211028 20211111 20211125 20211209 20211223 20220113 20220127 20220210 20220224 20220310 20220324
日之出町１,環境資源ギャラリー ,火 金,20210408 20210422 20210506 20210520 20210603 20210617 20210701 20210715 20210729 20210812 20210826 20210909 20210923 20211007 20211021 20211104 20211118 20211202 20211216 20220106 20220120 20220203 20220217 20220303 20220317 20220331,20210401 20210415 20210429 20210513 20210527 20210610 20210624 20210708 20210722 20210805 20210819 20210902 20210916 20210930 20211014 20211028 20211111 20211125 20211209 20211223 20220113 20220127 20220210 20220224 20220310 20220324
緑ヶ丘,環境資源ギャラリー ,火 金,20210408 20210422 20210506 20210520 20210603 20210617 20210701 20210715 20210729 20210812 20210826 20210909 20210923 20211007 20211021 20211104 20211118 20211202 20211216 20220106 20220120 20220203 20220217 20220303 20220317 20220331,20210401 20210415 20210429 20210513 20210527 20210610 20210624 20210708 20210722 20210805 20210819 20210902 20210916 20210930 20211014 20211028 20211111 20211125 20211209 20211223 20220113 20220127 20220210 20220224 20220310 20220324
柳町,環境資源ギャラリー ,火 金,20210408 20210422 20210506 20210520 20210603 20210617 20210701 20210715 20210729 20210812 20210826 20210909 20210923 20211007 20211021 20211104 20211118 20211202 20211216 20220106 20220120 20220203 20220217 20220303 20220317 20220331,20210401 20210415 20210429 20210513 20210527 20210610 20210624 20210708 20210722 20210805 20210819 20210902 20210916 20210930 20211014 20211028 20211111 20211125 20211209 20211223 20220113 20220127 20220210 20220224 20220310 20220324
白岩下,環境資源ギャラリー ,火 金,20210408 20210422 20210506 20210520 20210603 20210617 20210701 20210715 20210729 20210812 20210826 20210909 20210923 20211007 20211021 20211104 20211118 20211202 20211216 20220106 20220120 20220203 20220217 20220303 20220317 20220331,20210412 20210426 20210510 20210524 20210607 20210621 20210705 20210719 20210802 20210816 20210830 20210913 20210927 20211011 20211025 20211108 20211122 20211206 20211220 20220110 20220124 20220207 20220221 20220307 20220321  
三軒家,環境資源ギャラリー ,火 金,20210408 20210422 20210506 20210520 20210603 20210617 20210701 20210715 20210729 20210812 20210826 20210909 20210923 20211007 20211021 20211104 20211118 20211202 20211216 20220106 20220120 20220203 20220217 20220303 20220317 20220331,20210412 20210426 20210510 20210524 20210607 20210621 20210705 20210719 20210802 20210816 20210830 20210913 20210927 20211011 20211025 20211108 20211122 20211206 20211220 20220110 20220124 20220207 20220221 20220307 20220321  
白岩東,環境資源ギャラリー ,火 金,20210408 20210422 20210506 20210520 20210603 20210617 20210701 20210715 20210729 20210812 20210826 20210909 20210923 20211007 20211021 20211104 20211118 20211202 20211216 20220106 20220120 20220203 20220217 20220303 20220317 20220331,20210412 20210426 20210510 20210524 20210607 20210621 20210705 20210719 20210802 20210816 20210830 20210913 20210927 20211011 20211025 20211108 20211122 20211206 20211220 20220110 20220124 20220207 20220221 20220307 20220321  
白岩段,環境資源ギャラリー ,火 金,20210408 20210422 20210506 20210520 20210603 20210617 20210701 20210715 20210729 20210812 20210826 20210909 20210923 20211007 20211021 20211104 20211118 20211202 20211216 20220106 20220120 20220203 20220217 20220303 20220317 20220331,20210412 20210426 20210510 20210524 20210607 20210621 20210705 20210719 20210802 20210816 20210830 20210913 20210927 20211011 20211025 20211108 20211122 20211206 20211220 20220110 20220124 20220207 20220221 20220307 20220321  
西袋,環境資源ギャラリー ,火 金,20210408 20210422 20210506 20210520 20210603 20210617 20210701 20210715 20210729 20210812 20210826 20210909 20210923 20211007 20211021 20211104 20211118 20211202 20211216 20220106 20220120 20220203 20220217 20220303 20220317 20220331,20210412 20210426 20210510 20210524 20210607 20210621 20210705 20210719 20210802 20210816 20210830 20210913 20210927 20211011 20211025 20211108 20211122 20211206 20211220 20220110 20220124 20220207 20220221 20220307 20220321  
小川端,環境資源ギャラリー ,火 金,20210408 20210422 20210506 20210520 20210603 20210617 20210701 20210715 20210729 20210812 20210826 20210909 20210923 20211007 20211021 20211104 20211118 20211202 20211216 20220106 20220120 20220203 20220217 20220303 20220317 20220331,20210412 20210426 20210510 20210524 20210607 20210621 20210705 20210719 20210802 20210816 20210830 20210913 20210927 20211011 20211025 20211108 20211122 20211206 20211220 20220110 20220124 20220207 20220221 20220307 20220321  
長池,環境資源ギャラリー ,火 金,20210408 20210422 20210506 20210520 20210603 20210617 20210701 20210715 20210729 20210812 20210826 20210909 20210923 20211007 20211021 20211104 20211118 20211202 20211216 20220106 20220120 20220203 20220217 20220303 20220317 20220331,20210412 20210426 20210510 20210524 20210607 20210621 20210705 20210719 20210802 20210816 20210830 20210913 20210927 20211011 20211025 20211108 20211122 20211206 20211220 20220110 20220124 20220207 20220221 20220307 20220321  
御門,環境資源ギャラリー ,火 金,20210408 20210422 20210506 20210520 20210603 20210617 20210701 20210715 20210729 20210812 20210826 20210909 20210923 20211007 20211021 20211104 20211118 20211202 20211216 20220106 20220120 20220203 20220217 20220303 20220317 20220331,20210412 20210426 20210510 20210524 20210607 20210621 20210705 20210719 20210802 20210816 20210830 20210913 20210927 20211011 20211025 20211108 20211122 20211206 20211220 20220110 20220124 20220207 20220221 20220307 20220321  
月岡,環境資源ギャラリー ,火 金,20210408 20210422 20210506 20210520 20210603 20210617 20210701 20210715 20210729 20210812 20210826 20210909 20210923 20211007 20211021 20211104 20211118 20211202 20211216 20220106 20220120 20220203 20220217 20220303 20220317 20220331,20210412 20210426 20210510 20210524 20210607 20210621 20210705 20210719 20210802 20210816 20210830 20210913 20210927 20211011 20211025 20211108 20211122 20211206 20211220 20220110 20220124 20220207 20220221 20220307 20220321  
東平尾,環境資源ギャラリー ,火 金,20210408 20210422 20210506 20210520 20210603 20210617 20210701 20210715 20210729 20210812 20210826 20210909 20210923 20211007 20211021 20211104 20211118 20211202 20211216 20220106 20220120 20220203 20220217 20220303 20220317 20220331,20210407 20210421 20210505 20210519 20210602 20210616 20210630 20210714 20210728 20210811 20210825 20210908 20210922 20211006 20211020 20211103 20211117 20211201 20211215 20220105 20220119 20220202 20220216 20220302 20220316 20220330
西平尾,環境資源ギャラリー ,火 金,20210408 20210422 20210506 20210520 20210603 20210617 20210701 20210715 20210729 20210812 20210826 20210909 20210923 20211007 20211021 20211104 20211118 20211202 20211216 20220106 20220120 20220203 20220217 20220303 20220317 20220331,20210407 20210421 20210505 20210519 20210602 20210616 20210630 20210714 20210728 20210811 20210825 20210908 20210922 20211006 20211020 20211103 20211117 20211201 20211215 20220105 20220119 20220202 20220216 20220302 20220316 20220330
稲荷部,環境資源ギャラリー ,火 金,20210408 20210422 20210506 20210520 20210603 20210617 20210701 20210715 20210729 20210812 20210826 20210909 20210923 20211007 20211021 20211104 20211118 20211202 20211216 20220106 20220120 20220203 20220217 20220303 20220317 20220331,20210407 20210421 20210505 20210519 20210602 20210616 20210630 20210714 20210728 20210811 20210825 20210908 20210922 20211006 20211020 20211103 20211117 20211201 20211215 20220105 20220119 20220202 20220216 20220302 20220316 20220330
高田,環境資源ギャラリー ,火 金,20210408 20210422 20210506 20210520 20210603 20210617 20210701 20210715 20210729 20210812 20210826 20210909 20210923 20211007 20211021 20211104 20211118 20211202 20211216 20220106 20220120 20220203 20220217 20220303 20220317 20220331,20210407 20210421 20210505 20210519 20210602 20210616 20210630 20210714 20210728 20210811 20210825 20210908 20210922 20211006 20211020 20211103 20211117 20211201 20211215 20220105 20220119 20220202 20220216 20220302 20220316 20220330
段平尾,環境資源ギャラリー ,火 金,20210408 20210422 20210506 20210520 20210603 20210617 20210701 20210715 20210729 20210812 20210826 20210909 20210923 20211007 20211021 20211104 20211118 20211202 20211216 20220106 20220120 20220203 20220217 20220303 20220317 20220331,20210407 20210421 20210505 20210519 20210602 20210616 20210630 20210714 20210728 20210811 20210825 20210908 20210922 20211006 20211020 20211103 20211117 20211201 20211215 20220105 20220119 20220202 20220216 20220302 20220316 20220330
平尾,環境資源ギャラリー ,火 金,20210408 20210422 20210506 20210520 20210603 20210617 20210701 20210715 20210729 20210812 20210826 20210909 20210923 20211007 20211021 20211104 20211118 20211202 20211216 20220106 20220120 20220203 20220217 20220303 20220317 20220331,20210407 20210421 20210505 20210519 20210602 20210616 20210630 20210714 20210728 20210811 20210825 20210908 20210922 20211006 20211020 20211103 20211117 20211201 20211215 20220105 20220119 20220202 20220216 20220302 20220316 20220330
森,環境資源ギャラリー ,火 金,20210408 20210422 20210506 20210520 20210603 20210617 20210701 20210715 20210729 20210812 20210826 20210909 20210923 20211007 20211021 20211104 20211118 20211202 20211216 20220106 20220120 20220203 20220217 20220303 20220317 20220331,20210407 20210421 20210505 20210519 20210602 20210616 20210630 20210714 20210728 20210811 20210825 20210908 20210922 20211006 20211020 20211103 20211117 20211201 20211215 20220105 20220119 20220202 20220216 20220302 20220316 20220330
杉森,環境資源ギャラリー ,火 金,20210408 20210422 20210506 20210520 20210603 20210617 20210701 20210715 20210729 20210812 20210826 20210909 20210923 20211007 20211021 20211104 20211118 20211202 20211216 20220106 20220120 20220203 20220217 20220303 20220317 20220331,20210407 20210421 20210505 20210519 20210602 20210616 20210630 20210714 20210728 20210811 20210825 20210908 20210922 20211006 20211020 20211103 20211117 20211201 20211215 20220105 20220119 20220202 20220216 20220302 20220316 20220330
政所,環境資源ギャラリー ,火 金,20210408 20210422 20210506 20210520 20210603 20210617 20210701 20210715 20210729 20210812 20210826 20210909 20210923 20211007 20211021 20211104 20211118 20211202 20211216 20220106 20220120 20220203 20220217 20220303 20220317 20220331,20210407 20210421 20210505 20210519 20210602 20210616 20210630 20210714 20210728 20210811 20210825 20210908 20210922 20211006 20211020 20211103 20211117 20211201 20211215 20220105 20220119 20220202 20220216 20220302 20220316 20220330
奥横地,環境資源ギャラリー ,火 金,20210408 20210422 20210506 20210520 20210603 20210617 20210701 20210715 20210729 20210812 20210826 20210909 20210923 20211007 20211021 20211104 20211118 20211202 20211216 20220106 20220120 20220203 20220217 20220303 20220317 20220331,20210407 20210421 20210505 20210519 20210602 20210616 20210630 20210714 20210728 20210811 20210825 20210908 20210922 20211006 20211020 20211103 20211117 20211201 20211215 20220105 20220119 20220202 20220216 20220302 20220316 20220330
段横地,環境資源ギャラリー ,火 金,20210408 20210422 20210506 20210520 20210603 20210617 20210701 20210715 20210729 20210812 20210826 20210909 20210923 20211007 20211021 20211104 20211118 20211202 20211216 20220106 20220120 20220203 20220217 20220303 20220317 20220331,20210407 20210421 20210505 20210519 20210602 20210616 20210630 20210714 20210728 20210811 20210825 20210908 20210922 20211006 20211020 20211103 20211117 20211201 20211215 20220105 20220119 20220202 20220216 20220302 20220316 20220330
川島,環境資源ギャラリー ,火 金,20210408 20210422 20210506 20210520 20210603 20210617 20210701 20210715 20210729 20210812 20210826 20210909 20210923 20211007 20211021 20211104 20211118 20211202 20211216 20220106 20220120 20220203 20220217 20220303 20220317 20220331,20210407 20210421 20210505 20210519 20210602 20210616 20210630 20210714 20210728 20210811 20210825 20210908 20210922 20211006 20211020 20211103 20211117 20211201 20211215 20220105 20220119 20220202 20220216 20220302 20220316 20220330
西横地,環境資源ギャラリー ,火 金,20210408 20210422 20210506 20210520 20210603 20210617 20210701 20210715 20210729 20210812 20210826 20210909 20210923 20211007 20211021 20211104 20211118 20211202 20211216 20220106 20220120 20220203 20220217 20220303 20220317 20220331,20210407 20210421 20210505 20210519 20210602 20210616 20210630 20210714 20210728 20210811 20210825 20210908 20210922 20211006 20211020 20211103 20211117 20211201 20211215 20220105 20220119 20220202 20220216 20220302 20220316 20220330
土橋,環境資源ギャラリー ,火 金,20210408 20210422 20210506 20210520 20210603 20210617 20210701 20210715 20210729 20210812 20210826 20210909 20210923 20211007 20211021 20211104 20211118 20211202 20211216 20220106 20220120 20220203 20220217 20220303 20220317 20220331,20210407 20210421 20210505 20210519 20210602 20210616 20210630 20210714 20210728 20210811 20210825 20210908 20210922 20211006 20211020 20211103 20211117 20211201 20211215 20220105 20220119 20220202 20220216 20220302 20220316 20220330
奈良野,環境資源ギャラリー ,火 金,20210408 20210422 20210506 20210520 20210603 20210617 20210701 20210715 20210729 20210812 20210826 20210909 20210923 20211007 20211021 20211104 20211118 20211202 20211216 20220106 20220120 20220203 20220217 20220303 20220317 20220331,20210407 20210421 20210505 20210519 20210602 20210616 20210630 20210714 20210728 20210811 20210825 20210908 20210922 20211006 20211020 20211103 20211117 20211201 20211215 20220105 20220119 20220202 20220216 20220302 20220316 20220330
三沢,環境資源ギャラリー ,火 金,20210408 20210422 20210506 20210520 20210603 20210617 20210701 20210715 20210729 20210812 20210826 20210909 20210923 20211007 20211021 20211104 20211118 20211202 20211216 20220106 20220120 20220203 20220217 20220303 20220317 20220331,20210407 20210421 20210505 20210519 20210602 20210616 20210630 20210714 20210728 20210811 20210825 20210908 20210922 20211006 20211020 20211103 20211117 20211201 20211215 20220105 20220119 20220202 20220216 20220302 20220316 20220330
星ヶ丘,環境資源ギャラリー ,火 金,20210408 20210422 20210506 20210520 20210603 20210617 20210701 20210715 20210729 20210812 20210826 20210909 20210923 20211007 20211021 20211104 20211118 20211202 20211216 20220106 20220120 20220203 20220217 20220303 20220317 20220331,20210407 20210421 20210505 20210519 20210602 20210616 20210630 20210714 20210728 20210811 20210825 20210908 20210922 20211006 20211020 20211103 20211117 20211201 20211215 20220105 20220119 20220202 20220216 20220302 20220316 20220330
横地雇用促進,環境資源ギャラリー ,火 金,20210408 20210422 20210506 20210520 20210603 20210617 20210701 20210715 20210729 20210812 20210826 20210909 20210923 20211007 20211021 20211104 20211118 20211202 20211216 20220106 20220120 20220203 20220217 20220303 20220317 20220331,20210407 20210421 20210505 20210519 20210602 20210616 20210630 20210714 20210728 20210811 20210825 20210908 20210922 20211006 20211020 20211103 20211117 20211201 20211215 20220105 20220119 20220202 20220216 20220302 20220316 20220330
五丁目上,環境資源ギャラリー ,月 木,20210409 20210423 20210507 20210521 20210604 20210618 20210702 20210716 20210730 20210813 20210827 20210910 20210924 20211008 20211022 20211105 20211119 20211203 20211217 20220107 20220121 20220204 20220218 20220304 20220318,20210413 20210427 20210511 20210525 20210608 20210622 20210706 20210720 20210803 20210817 20210831 20210914 20210928 20211012 20211026 20211109 20211123 20211207 20211221 20220111 20220125 20220208 20220222 20220308 20220322
五丁目下,環境資源ギャラリー ,月 木,20210409 20210423 20210507 20210521 20210604 20210618 20210702 20210716 20210730 20210813 20210827 20210910 20210924 20211008 20211022 20211105 20211119 20211203 20211217 20220107 20220121 20220204 20220218 20220304 20220318,20210413 20210427 20210511 20210525 20210608 20210622 20210706 20210720 20210803 20210817 20210831 20210914 20210928 20211012 20211026 20211109 20211123 20211207 20211221 20220111 20220125 20220208 20220222 20220308 20220322
打上,環境資源ギャラリー ,月 木,20210409 20210423 20210507 20210521 20210604 20210618 20210702 20210716 20210730 20210813 20210827 20210910 20210924 20211008 20211022 20211105 20211119 20211203 20211217 20220107 20220121 20220204 20220218 20220304 20220318,20210413 20210427 20210511 20210525 20210608 20210622 20210706 20210720 20210803 20210817 20210831 20210914 20210928 20211012 20211026 20211109 20211123 20211207 20211221 20220111 20220125 20220208 20220222 20220308 20220322
島,環境資源ギャラリー ,月 木,20210409 20210423 20210507 20210521 20210604 20210618 20210702 20210716 20210730 20210813 20210827 20210910 20210924 20211008 20211022 20211105 20211119 20211203 20211217 20220107 20220121 20220204 20220218 20220304 20220318,20210413 20210427 20210511 20210525 20210608 20210622 20210706 20210720 20210803 20210817 20210831 20210914 20210928 20211012 20211026 20211109 20211123 20211207 20211221 20220111 20220125 20220208 20220222 20220308 20220322
下本所,環境資源ギャラリー ,月 木,20210409 20210423 20210507 20210521 20210604 20210618 20210702 20210716 20210730 20210813 20210827 20210910 20210924 20211008 20211022 20211105 20211119 20211203 20211217 20220107 20220121 20220204 20220218 20220304 20220318,20210413 20210427 20210511 20210525 20210608 20210622 20210706 20210720 20210803 20210817 20210831 20210914 20210928 20211012 20211026 20211109 20211123 20211207 20211221 20220111 20220125 20220208 20220222 20220308 20220322
下半済,環境資源ギャラリー ,月 木,20210409 20210423 20210507 20210521 20210604 20210618 20210702 20210716 20210730 20210813 20210827 20210910 20210924 20211008 20211022 20211105 20211119 20211203 20211217 20220107 20220121 20220204 20220218 20220304 20220318,20210413 20210427 20210511 20210525 20210608 20210622 20210706 20210720 20210803 20210817 20210831 20210914 20210928 20211012 20211026 20211109 20211123 20211207 20211221 20220111 20220125 20220208 20220222 20220308 20220322
小出,環境資源ギャラリー ,月 木,20210409 20210423 20210507 20210521 20210604 20210618 20210702 20210716 20210730 20210813 20210827 20210910 20210924 20211008 20211022 20211105 20211119 20211203 20211217 20220107 20220121 20220204 20220218 20220304 20220318,20210413 20210427 20210511 20210525 20210608 20210622 20210706 20210720 20210803 20210817 20210831 20210914 20210928 20211012 20211026 20211109 20211123 20211207 20211221 20220111 20220125 20220208 20220222 20220308 20220322
神尾上,環境資源ギャラリー ,月 木,20210409 20210423 20210507 20210521 20210604 20210618 20210702 20210716 20210730 20210813 20210827 20210910 20210924 20211008 20211022 20211105 20211119 20211203 20211217 20220107 20220121 20220204 20220218 20220304 20220318,20210413 20210427 20210511 20210525 20210608 20210622 20210706 20210720 20210803 20210817 20210831 20210914 20210928 20211012 20211026 20211109 20211123 20211207 20211221 20220111 20220125 20220208 20220222 20220308 20220322
神尾下,環境資源ギャラリー ,月 木,20210409 20210423 20210507 20210521 20210604 20210618 20210702 20210716 20210730 20210813 20210827 20210910 20210924 20211008 20211022 20211105 20211119 20211203 20211217 20220107 20220121 20220204 20220218 20220304 20220318,20210413 20210427 20210511 20210525 20210608 20210622 20210706 20210720 20210803 20210817 20210831 20210914 20210928 20211012 20211026 20211109 20211123 20211207 20211221 20220111 20220125 20220208 20220222 20220308 20220322
牛渕上,環境資源ギャラリー ,月 木,20210409 20210423 20210507 20210521 20210604 20210618 20210702 20210716 20210730 20210813 20210827 20210910 20210924 20211008 20211022 20211105 20211119 20211203 20211217 20220107 20220121 20220204 20220218 20220304 20220318,20210413 20210427 20210511 20210525 20210608 20210622 20210706 20210720 20210803 20210817 20210831 20210914 20210928 20211012 20211026 20211109 20211123 20211207 20211221 20220111 20220125 20220208 20220222 20220308 20220322
牛渕下,環境資源ギャラリー ,月 木,20210409 20210423 20210507 20210521 20210604 20210618 20210702 20210716 20210730 20210813 20210827 20210910 20210924 20211008 20211022 20211105 20211119 20211203 20211217 20220107 20220121 20220204 20220218 20220304 20220318,20210413 20210427 20210511 20210525 20210608 20210622 20210706 20210720 20210803 20210817 20210831 20210914 20210928 20211012 20211026 20211109 20211123 20211207 20211221 20220111 20220125 20220208 20220222 20220308 20220322
牧之原上,環境資源ギャラリー ,月 木,20210409 20210423 20210507 20210521 20210604 20210618 20210702 20210716 20210730 20210813 20210827 20210910 20210924 20211008 20211022 20211105 20211119 20211203 20211217 20220107 20220121 20220204 20220218 20220304 20220318,20210413 20210427 20210511 20210525 20210608 20210622 20210706 20210720 20210803 20210817 20210831 20210914 20210928 20211012 20211026 20211109 20211123 20211207 20211221 20220111 20220125 20220208 20220222 20220308 20220322
牧之原下,環境資源ギャラリー ,月 木,20210409 20210423 20210507 20210521 20210604 20210618 20210702 20210716 20210730 20210813 20210827 20210910 20210924 20211008 20211022 20211105 20211119 20211203 20211217 20220107 20220121 20220204 20220218 20220304 20220318,20210413 20210427 20210511 20210525 20210608 20210622 20210706 20210720 20210803 20210817 20210831 20210914 20210928 20211012 20211026 20211109 20211123 20211207 20211221 20220111 20220125 20220208 20220222 20220308 20220322
日之出町2,環境資源ギャラリー ,月 木,20210409 20210423 20210507 20210521 20210604 20210618 20210702 20210716 20210730 20210813 20210827 20210910 20210924 20211008 20211022 20211105 20211119 20211203 20211217 20220107 20220121 20220204 20220218 20220304 20220318,20210402 20210416 20210430 20210514 20210528 20210611 20210625 20210709 20210723 20210806 20210820 20210903 20210917 20211001 20211015 20211029 20211112 20211126 20211210 20211224 20220114 20220128 20220211 20220225 20220311 20220325
上本所上,環境資源ギャラリー ,月 木,20210409 20210423 20210507 20210521 20210604 20210618 20210702 20210716 20210730 20210813 20210827 20210910 20210924 20211008 20211022 20211105 20211119 20211203 20211217 20220107 20220121 20220204 20220218 20220304 20220318,20210402 20210416 20210430 20210514 20210528 20210611 20210625 20210709 20210723 20210806 20210820 20210903 20210917 20211001 20211015 20211029 20211112 20211126 20211210 20211224 20220114 20220128 20220211 20220225 20220311 20220325
上本所下,環境資源ギャラリー ,月 木,20210409 20210423 20210507 20210521 20210604 20210618 20210702 20210716 20210730 20210813 20210827 20210910 20210924 20211008 20211022 20211105 20211119 20211203 20211217 20220107 20220121 20220204 20220218 20220304 20220318,20210402 20210416 20210430 20210514 20210528 20210611 20210625 20210709 20210723 20210806 20210820 20210903 20210917 20211001 20211015 20211029 20211112 20211126 20211210 20211224 20220114 20220128 20220211 20220225 20220311 20220325
上本所団地,環境資源ギャラリー ,月 木,20210409 20210423 20210507 20210521 20210604 20210618 20210702 20210716 20210730 20210813 20210827 20210910 20210924 20211008 20211022 20211105 20211119 20211203 20211217 20220107 20220121 20220204 20220218 20220304 20220318,20210402 20210416 20210430 20210514 20210528 20210611 20210625 20210709 20210723 20210806 20210820 20210903 20210917 20211001 20211015 20211029 20211112 20211126 20211210 20211224 20220114 20220128 20220211 20220225 20220311 20220325
宮下,環境資源ギャラリー ,月 木,20210409 20210423 20210507 20210521 20210604 20210618 20210702 20210716 20210730 20210813 20210827 20210910 20210924 20211008 20211022 20211105 20211119 20211203 20211217 20220107 20220121 20220204 20220218 20220304 20220318,20210402 20210416 20210430 20210514 20210528 20210611 20210625 20210709 20210723 20210806 20210820 20210903 20210917 20211001 20211015 20211029 20211112 20211126 20211210 20211224 20220114 20220128 20220211 20220225 20220311 20220325
雇用促進第1,環境資源ギャラリー ,月 木,20210409 20210423 20210507 20210521 20210604 20210618 20210702 20210716 20210730 20210813 20210827 20210910 20210924 20211008 20211022 20211105 20211119 20211203 20211217 20220107 20220121 20220204 20220218 20220304 20220318,20210402 20210416 20210430 20210514 20210528 20210611 20210625 20210709 20210723 20210806 20210820 20210903 20210917 20211001 20211015 20211029 20211112 20211126 20211210 20211224 20220114 20220128 20220211 20220225 20220311 20220325
雇用促進第2,環境資源ギャラリー ,月 木,20210409 20210423 20210507 20210521 20210604 20210618 20210702 20210716 20210730 20210813 20210827 20210910 20210924 20211008 20211022 20211105 20211119 20211203 20211217 20220107 20220121 20220204 20220218 20220304 20220318,20210402 20210416 20210430 20210514 20210528 20210611 20210625 20210709 20210723 20210806 20210820 20210903 20210917 20211001 20211015 20211029 20211112 20211126 20211210 20211224 20220114 20220128 20220211 20220225 20220311 20220325
青葉台1,環境資源ギャラリー ,月 木,20210409 20210423 20210507 20210521 20210604 20210618 20210702 20210716 20210730 20210813 20210827 20210910 20210924 20211008 20211022 20211105 20211119 20211203 20211217 20220107 20220121 20220204 20220218 20220304 20220318,20210402 20210416 20210430 20210514 20210528 20210611 20210625 20210709 20210723 20210806 20210820 20210903 20210917 20211001 20211015 20211029 20211112 20211126 20211210 20211224 20220114 20220128 20220211 20220225 20220311 20220325
青葉台2,環境資源ギャラリー ,月 木,20210409 20210423 20210507 20210521 20210604 20210618 20210702 20210716 20210730 20210813 20210827 20210910 20210924 20211008 20211022 20211105 20211119 20211203 20211217 20220107 20220121 20220204 20220218 20220304 20220318,20210402 20210416 20210430 20210514 20210528 20210611 20210625 20210709 20210723 20210806 20210820 20210903 20210917 20211001 20211015 20211029 20211112 20211126 20211210 20211224 20220114 20220128 20220211 20220225 20220311 20220325
青葉台3,環境資源ギャラリー ,月 木,20210409 20210423 20210507 20210521 20210604 20210618 20210702 20210716 20210730 20210813 20210827 20210910 20210924 20211008 20211022 20211105 20211119 20211203 20211217 20220107 20220121 20220204 20220218 20220304 20220318,20210402 20210416 20210430 20210514 20210528 20210611 20210625 20210709 20210723 20210806 20210820 20210903 20210917 20211001 20211015 20211029 20211112 20211126 20211210 20211224 20220114 20220128 20220211 20220225 20220311 20220325
仲島,環境資源ギャラリー ,月 木,20210409 20210423 20210507 20210521 20210604 20210618 20210702 20210716 20210730 20210813 20210827 20210910 20210924 20211008 20211022 20211105 20211119 20211203 20211217 20220107 20220121 20220204 20220218 20220304 20220318,20210402 20210416 20210430 20210514 20210528 20210611 20210625 20210709 20210723 20210806 20210820 20210903 20210917 20211001 20211015 20211029 20211112 20211126 20211210 20211224 20220114 20220128 20220211 20220225 20220311 20220325
県営住宅,環境資源ギャラリー ,月 木,20210409 20210423 20210507 20210521 20210604 20210618 20210702 20210716 20210730 20210813 20210827 20210910 20210924 20211008 20211022 20211105 20211119 20211203 20211217 20220107 20220121 20220204 20220218 20220304 20220318,20210402 20210416 20210430 20210514 20210528 20210611 20210625 20210709 20210723 20210806 20210820 20210903 20210917 20211001 20211015 20211029 20211112 20211126 20211210 20211224 20220114 20220128 20220211 20220225 20220311 20220325
虹の丘,環境資源ギャラリー ,月 木,20210409 20210423 20210507 20210521 20210604 20210618 20210702 20210716 20210730 20210813 20210827 20210910 20210924 20211008 20211022 20211105 20211119 20211203 20211217 20220107 20220121 20220204 20220218 20220304 20220318,20210402 20210416 20210430 20210514 20210528 20210611 20210625 20210709 20210723 20210806 20210820 20210903 20210917 20211001 20211015 20211029 20211112 20211126 20211210 20211224 20220114 20220128 20220211 20220225 20220311 20220325
つつじヶ丘,環境資源ギャラリー ,月 木,20210409 20210423 20210507 20210521 20210604 20210618 20210702 20210716 20210730 20210813 20210827 20210910 20210924 20211008 20211022 20211105 20211119 20211203 20211217 20220107 20220121 20220204 20220218 20220304 20220318,20210402 20210416 20210430 20210514 20210528 20210611 20210625 20210709 20210723 20210806 20210820 20210903 20210917 20211001 20211015 20211029 20211112 20211126 20211210 20211224 20220114 20220128 20220211 20220225 20220311 20220325
上倉沢,環境資源ギャラリー ,月 木,20210409 20210423 20210507 20210521 20210604 20210618 20210702 20210716 20210730 20210813 20210827 20210910 20210924 20211008 20211022 20211105 20211119 20211203 20211217 20220107 20220121 20220204 20220218 20220304 20220318,20210406 20210420 20210504 20210518 20210601 20210615 20210629 20210713 20210727 20210810 20210824 20210907 20210921 20211005 20211019 20211102 20211116 20211130 20211214 20211228 20220118 20220201 20220215 20220301 20220315 20220329
下倉沢,環境資源ギャラリー ,月 木,20210409 20210423 20210507 20210521 20210604 20210618 20210702 20210716 20210730 20210813 20210827 20210910 20210924 20211008 20211022 20211105 20211119 20211203 20211217 20220107 20220121 20220204 20220218 20220304 20220318,20210406 20210420 20210504 20210518 20210601 20210615 20210629 20210713 20210727 20210810 20210824 20210907 20210921 20211005 20211019 20211102 20211116 20211130 20211214 20211228 20220118 20220201 20220215 20220301 20220315 20220329
六本松,環境資源ギャラリー ,月 木,20210409 20210423 20210507 20210521 20210604 20210618 20210702 20210716 20210730 20210813 20210827 20210910 20210924 20211008 20211022 20211105 20211119 20211203 20211217 20220107 20220121 20220204 20220218 20220304 20220318,20210406 20210420 20210504 20210518 20210601 20210615 20210629 20210713 20210727 20210810 20210824 20210907 20210921 20211005 20211019 20211102 20211116 20211130 20211214 20211228 20220118 20220201 20220215 20220301 20220315 20220329
友田,環境資源ギャラリー ,月 木,20210409 20210423 20210507 20210521 20210604 20210618 20210702 20210716 20210730 20210813 20210827 20210910 20210924 20211008 20211022 20211105 20211119 20211203 20211217 20220107 20220121 20220204 20220218 20220304 20220318,20210406 20210420 20210504 20210518 20210601 20210615 20210629 20210713 20210727 20210810 20210824 20210907 20210921 20211005 20211019 20211102 20211116 20211130 20211214 20211228 20220118 20220201 20220215 20220301 20220315 20220329
東冨田,環境資源ギャラリー ,月 木,20210409 20210423 20210507 20210521 20210604 20210618 20210702 20210716 20210730 20210813 20210827 20210910 20210924 20211008 20211022 20211105 20211119 20211203 20211217 20220107 20220121 20220204 20220218 20220304 20220318,20210406 20210420 20210504 20210518 20210601 20210615 20210629 20210713 20210727 20210810 20210824 20210907 20210921 20211005 20211019 20211102 20211116 20211130 20211214 20211228 20220118 20220201 20220215 20220301 20220315 20220329
西冨田,環境資源ギャラリー ,月 木,20210409 20210423 20210507 20210521 20210604 20210618 20210702 20210716 20210730 20210813 20210827 20210910 20210924 20211008 20211022 20211105 20211119 20211203 20211217 20220107 20220121 20220204 20220218 20220304 20220318,20210406 20210420 20210504 20210518 20210601 20210615 20210629 20210713 20210727 20210810 20210824 20210907 20210921 20211005 20211019 20211102 20211116 20211130 20211214 20211228 20220118 20220201 20220215 20220301 20220315 20220329
吉沢,環境資源ギャラリー ,月 木,20210409 20210423 20210507 20210521 20210604 20210618 20210702 20210716 20210730 20210813 20210827 20210910 20210924 20211008 20211022 20211105 20211119 20211203 20211217 20220107 20220121 20220204 20220218 20220304 20220318,20210406 20210420 20210504 20210518 20210601 20210615 20210629 20210713 20210727 20210810 20210824 20210907 20210921 20211005 20211019 20211102 20211116 20211130 20211214 20211228 20220118 20220201 20220215 20220301 20220315 20220329
沢水加,環境資源ギャラリー ,月 木,20210409 20210423 20210507 20210521 20210604 20210618 20210702 20210716 20210730 20210813 20210827 20210910 20210924 20211008 20211022 20211105 20211119 20211203 20211217 20220107 20220121 20220204 20220218 20220304 20220318,20210406 20210420 20210504 20210518 20210601 20210615 20210629 20210713 20210727 20210810 20210824 20210907 20210921 20211005 20211019 20211102 20211116 20211130 20211214 20211228 20220118 20220201 20220215 20220301 20220315 20220329
和田,環境資源ギャラリー ,月 木,20210409 20210423 20210507 20210521 20210604 20210618 20210702 20210716 20210730 20210813 20210827 20210910 20210924 20211008 20211022 20211105 20211119 20211203 20211217 20220107 20220121 20220204 20220218 20220304 20220318,20210406 20210420 20210504 20210518 20210601 20210615 20210629 20210713 20210727 20210810 20210824 20210907 20210921 20211005 20211019 20211102 20211116 20211130 20211214 20211228 20220118 20220201 20220215 20220301 20220315 20220329
潮海寺上,環境資源ギャラリー ,月 木,20210409 20210423 20210507 20210521 20210604 20210618 20210702 20210716 20210730 20210813 20210827 20210910 20210924 20211008 20211022 20211105 20211119 20211203 20211217 20220107 20220121 20220204 20220218 20220304 20220318,20210406 20210420 20210504 20210518 20210601 20210615 20210629 20210713 20210727 20210810 20210824 20210907 20210921 20211005 20211019 20211102 20211116 20211130 20211214 20211228 20220118 20220201 20220215 20220301 20220315 20220329
潮海寺中,環境資源ギャラリー ,月 木,20210409 20210423 20210507 20210521 20210604 20210618 20210702 20210716 20210730 20210813 20210827 20210910 20210924 20211008 20211022 20211105 20211119 20211203 20211217 20220107 20220121 20220204 20220218 20220304 20220318,20210406 20210420 20210504 20210518 20210601 20210615 20210629 20210713 20210727 20210810 20210824 20210907 20210921 20211005 20211019 20211102 20211116 20211130 20211214 20211228 20220118 20220201 20220215 20220301 20220315 20220329
潮海寺下,環境資源ギャラリー ,月 木,20210409 20210423 20210507 20210521 20210604 20210618 20210702 20210716 20210730 20210813 20210827 20210910 20210924 20211008 20211022 20211105 20211119 20211203 20211217 20220107 20220121 20220204 20220218 20220304 20220318,20210406 20210420 20210504 20210518 20210601 20210615 20210629 20210713 20210727 20210810 20210824 20210907 20210921 20211005 20211019 20211102 20211116 20211130 20211214 20211228 20220118 20220201 20220215 20220301 20220315 20220329
富士見台,環境資源ギャラリー ,月 木,20210409 20210423 20210507 20210521 20210604 20210618 20210702 20210716 20210730 20210813 20210827 20210910 20210924 20211008 20211022 20211105 20211119 20211203 20211217 20220107 20220121 20220204 20220218 20220304 20220318,20210406 20210420 20210504 20210518 20210601 20210615 20210629 20210713 20210727 20210810 20210824 20210907 20210921 20211005 20211019 20211102 20211116 20211130 20211214 20211228 20220118 20220201 20220215 20220301 20220315 20220329
志瑞,環境資源ギャラリー ,火 金,20210401 20210415 20210429 20210513 20210527 20210610 20210624 20210708 20210722 20210805 20210819 20210902 20210916 20210930 20211014 20211028 20211111 20211125 20211209 20211223 20220113 20220127 20220210 20220224 20220310 20220324,20210405 20210419 20210503 20210517 20210531 20210614 20210628 20210712 20210726 20210809 20210823 20210906 20210920 20211004 20211018 20211101 20211115 20211129 20211213 20211227 20220117 20220131 20220214 20220228 20220314 20220328
石原,環境資源ギャラリー ,火 金,20210401 20210415 20210429 20210513 20210527 20210610 20210624 20210708 20210722 20210805 20210819 20210902 20210916 20210930 20211014 20211028 20211111 20211125 20211209 20211223 20220113 20220127 20220210 20220224 20220310 20220324,20210405 20210419 20210503 20210517 20210531 20210614 20210628 20210712 20210726 20210809 20210823 20210906 20210920 20211004 20211018 20211101 20211115 20211129 20211213 20211227 20220117 20220131 20220214 20220228 20220314 20220328
八幡谷,環境資源ギャラリー ,火 金,20210401 20210415 20210429 20210513 20210527 20210610 20210624 20210708 20210722 20210805 20210819 20210902 20210916 20210930 20211014 20211028 20211111 20211125 20211209 20211223 20220113 20220127 20220210 20220224 20220310 20220324,20210405 20210419 20210503 20210517 20210531 20210614 20210628 20210712 20210726 20210809 20210823 20210906 20210920 20211004 20211018 20211101 20211115 20211129 20211213 20211227 20220117 20220131 20220214 20220228 20220314 20220328
東組,環境資源ギャラリー ,火 金,20210401 20210415 20210429 20210513 20210527 20210610 20210624 20210708 20210722 20210805 20210819 20210902 20210916 20210930 20211014 20211028 20211111 20211125 20211209 20211223 20220113 20220127 20220210 20220224 20220310 20220324,20210405 20210419 20210503 20210517 20210531 20210614 20210628 20210712 20210726 20210809 20210823 20210906 20210920 20211004 20211018 20211101 20211115 20211129 20211213 20211227 20220117 20220131 20220214 20220228 20220314 20220328
奥の谷,環境資源ギャラリー ,火 金,20210401 20210415 20210429 20210513 20210527 20210610 20210624 20210708 20210722 20210805 20210819 20210902 20210916 20210930 20211014 20211028 20211111 20211125 20211209 20211223 20220113 20220127 20220210 20220224 20220310 20220324,20210405 20210419 20210503 20210517 20210531 20210614 20210628 20210712 20210726 20210809 20210823 20210906 20210920 20211004 20211018 20211101 20211115 20211129 20211213 20211227 20220117 20220131 20220214 20220228 20220314 20220328
新道,環境資源ギャラリー ,火 金,20210401 20210415 20210429 20210513 20210527 20210610 20210624 20210708 20210722 20210805 20210819 20210902 20210916 20210930 20211014 20211028 20211111 20211125 20211209 20211223 20220113 20220127 20220210 20220224 20220310 20220324,20210405 20210419 20210503 20210517 20210531 20210614 20210628 20210712 20210726 20210809 20210823 20210906 20210920 20211004 20211018 20211101 20211115 20211129 20211213 20211227 20220117 20220131 20220214 20220228 20220314 20220328
下新道,環境資源ギャラリー ,火 金,20210401 20210415 20210429 20210513 20210527 20210610 20210624 20210708 20210722 20210805 20210819 20210902 20210916 20210930 20211014 20211028 20211111 20211125 20211209 20211223 20220113 20220127 20220210 20220224 20220310 20220324,20210405 20210419 20210503 20210517 20210531 20210614 20210628 20210712 20210726 20210809 20210823 20210906 20210920 20211004 20211018 20211101 20211115 20211129 20211213 20211227 20220117 20220131 20220214 20220228 20220314 20220328
本町,環境資源ギャラリー ,火 金,20210401 20210415 20210429 20210513 20210527 20210610 20210624 20210708 20210722 20210805 20210819 20210902 20210916 20210930 20211014 20211028 20211111 20211125 20211209 20211223 20220113 20220127 20220210 20220224 20220310 20220324,20210405 20210419 20210503 20210517 20210531 20210614 20210628 20210712 20210726 20210809 20210823 20210906 20210920 20211004 20211018 20211101 20211115 20211129 20211213 20211227 20220117 20220131 20220214 20220228 20220314 20220328
岳洋,環境資源ギャラリー ,火 金,20210401 20210415 20210429 20210513 20210527 20210610 20210624 20210708 20210722 20210805 20210819 20210902 20210916 20210930 20211014 20211028 20211111 20211125 20211209 20211223 20220113 20220127 20220210 20220224 20220310 20220324,20210405 20210419 20210503 20210517 20210531 20210614 20210628 20210712 20210726 20210809 20210823 20210906 20210920 20211004 20211018 20211101 20211115 20211129 20211213 20211227 20220117 20220131 20220214 20220228 20220314 20220328
五反通,環境資源ギャラリー ,火 金,20210401 20210415 20210429 20210513 20210527 20210610 20210624 20210708 20210722 20210805 20210819 20210902 20210916 20210930 20211014 20211028 20211111 20211125 20211209 20211223 20220113 20220127 20220210 20220224 20220310 20220324,20210405 20210419 20210503 20210517 20210531 20210614 20210628 20210712 20210726 20210809 20210823 20210906 20210920 20211004 20211018 20211101 20211115 20211129 20211213 20211227 20220117 20220131 20220214 20220228 20220314 20220328
志茂組,環境資源ギャラリー ,火 金,20210401 20210415 20210429 20210513 20210527 20210610 20210624 20210708 20210722 20210805 20210819 20210902 20210916 20210930 20211014 20211028 20211111 20211125 20211209 20211223 20220113 20220127 20220210 20220224 20220310 20220324,20210405 20210419 20210503 20210517 20210531 20210614 20210628 20210712 20210726 20210809 20210823 20210906 20210920 20211004 20211018 20211101 20211115 20211129 20211213 20211227 20220117 20220131 20220214 20220228 20220314 20220328
平ノ都,環境資源ギャラリー ,火 金,20210401 20210415 20210429 20210513 20210527 20210610 20210624 20210708 20210722 20210805 20210819 20210902 20210916 20210930 20211014 20211028 20211111 20211125 20211209 20211223 20220113 20220127 20220210 20220224 20220310 20220324,20210405 20210419 20210503 20210517 20210531 20210614 20210628 20210712 20210726 20210809 20210823 20210906 20210920 20211004 20211018 20211101 20211115 20211129 20211213 20211227 20220117 20220131 20220214 20220228 20220314 20220328
河東西,環境資源ギャラリー ,火 金,20210401 20210415 20210429 20210513 20210527 20210610 20210624 20210708 20210722 20210805 20210819 20210902 20210916 20210930 20211014 20211028 20211111 20211125 20211209 20211223 20220113 20220127 20220210 20220224 20220310 20220324,20210408 20210422 20210506 20210520 20210603 20210617 20210701 20210715 20210729 20210812 20210826 20210909 20210923 20211007 20211021 20211104 20211118 20211202 20211216 20220106 20220120 20220203 20220217 20220303 20220317 20220331
河東中,環境資源ギャラリー ,火 金,20210401 20210415 20210429 20210513 20210527 20210610 20210624 20210708 20210722 20210805 20210819 20210902 20210916 20210930 20211014 20211028 20211111 20211125 20211209 20211223 20220113 20220127 20220210 20220224 20220310 20220324,20210408 20210422 20210506 20210520 20210603 20210617 20210701 20210715 20210729 20210812 20210826 20210909 20210923 20211007 20211021 20211104 20211118 20211202 20211216 20220106 20220120 20220203 20220217 20220303 20220317 20220331
東河東,環境資源ギャラリー ,火 金,20210401 20210415 20210429 20210513 20210527 20210610 20210624 20210708 20210722 20210805 20210819 20210902 20210916 20210930 20211014 20211028 20211111 20211125 20211209 20211223 20220113 20220127 20220210 20220224 20220310 20220324,20210408 20210422 20210506 20210520 20210603 20210617 20210701 20210715 20210729 20210812 20210826 20210909 20210923 20211007 20211021 20211104 20211118 20211202 20211216 20220106 20220120 20220203 20220217 20220303 20220317 20220331
南町,環境資源ギャラリー ,火 金,20210401 20210415 20210429 20210513 20210527 20210610 20210624 20210708 20210722 20210805 20210819 20210902 20210916 20210930 20211014 20211028 20211111 20211125 20211209 20211223 20220113 20220127 20220210 20220224 20220310 20220324,20210408 20210422 20210506 20210520 20210603 20210617 20210701 20210715 20210729 20210812 20210826 20210909 20210923 20211007 20211021 20211104 20211118 20211202 20211216 20220106 20220120 20220203 20220217 20220303 20220317 20220331
山西,環境資源ギャラリー ,火 金,20210401 20210415 20210429 20210513 20210527 20210610 20210624 20210708 20210722 20210805 20210819 20210902 20210916 20210930 20211014 20211028 20211111 20211125 20211209 20211223 20220113 20220127 20220210 20220224 20220310 20220324,20210408 20210422 20210506 20210520 20210603 20210617 20210701 20210715 20210729 20210812 20210826 20210909 20210923 20211007 20211021 20211104 20211118 20211202 20211216 20220106 20220120 20220203 20220217 20220303 20220317 20220331
高橋口,環境資源ギャラリー ,火 金,20210401 20210415 20210429 20210513 20210527 20210610 20210624 20210708 20210722 20210805 20210819 20210902 20210916 20210930 20211014 20211028 20211111 20211125 20211209 20211223 20220113 20220127 20220210 20220224 20220310 20220324,20210408 20210422 20210506 20210520 20210603 20210617 20210701 20210715 20210729 20210812 20210826 20210909 20210923 20211007 20211021 20211104 20211118 20211202 20211216 20220106 20220120 20220203 20220217 20220303 20220317 20220331
高橋中,環境資源ギャラリー ,火 金,20210401 20210415 20210429 20210513 20210527 20210610 20210624 20210708 20210722 20210805 20210819 20210902 20210916 20210930 20211014 20211028 20211111 20211125 20211209 20211223 20220113 20220127 20220210 20220224 20220310 20220324,20210408 20210422 20210506 20210520 20210603 20210617 20210701 20210715 20210729 20210812 20210826 20210909 20210923 20211007 20211021 20211104 20211118 20211202 20211216 20220106 20220120 20220203 20220217 20220303 20220317 20220331
原磯部,環境資源ギャラリー ,火 金,20210401 20210415 20210429 20210513 20210527 20210610 20210624 20210708 20210722 20210805 20210819 20210902 20210916 20210930 20211014 20211028 20211111 20211125 20211209 20211223 20220113 20220127 20220210 20220224 20220310 20220324,20210408 20210422 20210506 20210520 20210603 20210617 20210701 20210715 20210729 20210812 20210826 20210909 20210923 20211007 20211021 20211104 20211118 20211202 20211216 20220106 20220120 20220203 20220217 20220303 20220317 20220331
南ニュータウン,環境資源ギャラリー ,火 金,20210401 20210415 20210429 20210513 20210527 20210610 20210624 20210708 20210722 20210805 20210819 20210902 20210916 20210930 20211014 20211028 20211111 20211125 20211209 20211223 20220113 20220127 20220210 20220224 20220310 20220324,20210408 20210422 20210506 20210520 20210603 20210617 20210701 20210715 20210729 20210812 20210826 20210909 20210923 20211007 20211021 20211104 20211118 20211202 20211216 20220106 20220120 20220203 20220217 20220303 20220317 20220331
大門,環境資源ギャラリー ,火 金,20210401 20210415 20210429 20210513 20210527 20210610 20210624 20210708 20210722 20210805 20210819 20210902 20210916 20210930 20211014 20211028 20211111 20211125 20211209 20211223 20220113 20220127 20220210 20220224 20220310 20220324,20210408 20210422 20210506 20210520 20210603 20210617 20210701 20210715 20210729 20210812 20210826 20210909 20210923 20211007 20211021 20211104 20211118 20211202 20211216 20220106 20220120 20220203 20220217 20220303 20220317 20220331
サンライズ,環境資源ギャラリー ,火 金,20210401 20210415 20210429 20210513 20210527 20210610 20210624 20210708 20210722 20210805 20210819 20210902 20210916 20210930 20211014 20211028 20211111 20211125 20211209 20211223 20220113 20220127 20220210 20220224 20220310 20220324,20210408 20210422 20210506 20210520 20210603 20210617 20210701 20210715 20210729 20210812 20210826 20210909 20210923 20211007 20211021 20211104 20211118 20211202 20211216 20220106 20220120 20220203 20220217 20220303 20220317 20220331
上平川,環境資源ギャラリー ,月 木,20210402 20210416 20210430 20210514 20210528 20210611 20210625 20210709 20210723 20210806 20210820 20210903 20210917 20211001 20211015 20211029 20211112 20211126 20211210 20211224 20220114 20220128 20220211 20220225 20220311 20220325,20210409 20210423 20210507 20210521 20210604 20210618 20210702 20210716 20210730 20210813 20210827 20210910 20210924 20211008 20211022 20211105 20211119 20211203 20211217 20220107 20220121 20220204 20220218 20220304 20220318
池村,環境資源ギャラリー ,月 木,20210402 20210416 20210430 20210514 20210528 20210611 20210625 20210709 20210723 20210806 20210820 20210903 20210917 20211001 20211015 20211029 20211112 20211126 20211210 20211224 20220114 20220128 20220211 20220225 20220311 20220325,20210409 20210423 20210507 20210521 20210604 20210618 20210702 20210716 20210730 20210813 20210827 20210910 20210924 20211008 20211022 20211105 20211119 20211203 20211217 20220107 20220121 20220204 20220218 20220304 20220318
堤,環境資源ギャラリー ,月 木,20210402 20210416 20210430 20210514 20210528 20210611 20210625 20210709 20210723 20210806 20210820 20210903 20210917 20211001 20211015 20211029 20211112 20211126 20211210 20211224 20220114 20220128 20220211 20220225 20220311 20220325,20210409 20210423 20210507 20210521 20210604 20210618 20210702 20210716 20210730 20210813 20210827 20210910 20210924 20211008 20211022 20211105 20211119 20211203 20211217 20220107 20220121 20220204 20220218 20220304 20220318
東嶺田,環境資源ギャラリー ,月 木,20210402 20210416 20210430 20210514 20210528 20210611 20210625 20210709 20210723 20210806 20210820 20210903 20210917 20211001 20211015 20211029 20211112 20211126 20211210 20211224 20220114 20220128 20220211 20220225 20220311 20220325,20210409 20210423 20210507 20210521 20210604 20210618 20210702 20210716 20210730 20210813 20210827 20210910 20210924 20211008 20211022 20211105 20211119 20211203 20211217 20220107 20220121 20220204 20220218 20220304 20220318
中嶺田,環境資源ギャラリー ,月 木,20210402 20210416 20210430 20210514 20210528 20210611 20210625 20210709 20210723 20210806 20210820 20210903 20210917 20211001 20211015 20211029 20211112 20211126 20211210 20211224 20220114 20220128 20220211 20220225 20220311 20220325,20210409 20210423 20210507 20210521 20210604 20210618 20210702 20210716 20210730 20210813 20210827 20210910 20210924 20211008 20211022 20211105 20211119 20211203 20211217 20220107 20220121 20220204 20220218 20220304 20220318
西嶺田,環境資源ギャラリー ,月 木,20210402 20210416 20210430 20210514 20210528 20210611 20210625 20210709 20210723 20210806 20210820 20210903 20210917 20211001 20211015 20211029 20211112 20211126 20211210 20211224 20220114 20220128 20220211 20220225 20220311 20220325,20210409 20210423 20210507 20210521 20210604 20210618 20210702 20210716 20210730 20210813 20210827 20210910 20210924 20211008 20211022 20211105 20211119 20211203 20211217 20220107 20220121 20220204 20220218 20220304 20220318
大石,環境資源ギャラリー ,月 木,20210402 20210416 20210430 20210514 20210528 20210611 20210625 20210709 20210723 20210806 20210820 20210903 20210917 20211001 20211015 20211029 20211112 20211126 20211210 20211224 20220114 20220128 20220211 20220225 20220311 20220325,20210409 20210423 20210507 20210521 20210604 20210618 20210702 20210716 20210730 20210813 20210827 20210910 20210924 20211008 20211022 20211105 20211119 20211203 20211217 20220107 20220121 20220204 20220218 20220304 20220318
西ヶ崎,環境資源ギャラリー ,月 木,20210402 20210416 20210430 20210514 20210528 20210611 20210625 20210709 20210723 20210806 20210820 20210903 20210917 20211001 20211015 20211029 20211112 20211126 20211210 20211224 20220114 20220128 20220211 20220225 20220311 20220325,20210409 20210423 20210507 20210521 20210604 20210618 20210702 20210716 20210730 20210813 20210827 20210910 20210924 20211008 20211022 20211105 20211119 20211203 20211217 20220107 20220121 20220204 20220218 20220304 20220318
堂山,環境資源ギャラリー ,月 木,20210402 20210416 20210430 20210514 20210528 20210611 20210625 20210709 20210723 20210806 20210820 20210903 20210917 20211001 20211015 20211029 20211112 20211126 20211210 20211224 20220114 20220128 20220211 20220225 20220311 20220325,20210409 20210423 20210507 20210521 20210604 20210618 20210702 20210716 20210730 20210813 20210827 20210910 20210924 20211008 20211022 20211105 20211119 20211203 20211217 20220107 20220121 20220204 20220218 20220304 20220318
布引原,環境資源ギャラリー ,月 木,20210402 20210416 20210430 20210514 20210528 20210611 20210625 20210709 20210723 20210806 20210820 20210903 20210917 20211001 20211015 20211029 20211112 20211126 20211210 20211224 20220114 20220128 20220211 20220225 20220311 20220325,20210414 20210428 20210512 20210526 20210609 20210623 20210707 20210721 20210804 20210818 20210901 20210915 20210929 20211013 20211027 20211110 20211124 20211208 20211222 20220112 20220126 20220209 20220223 20220309 20220323
丹野,環境資源ギャラリー ,月 木,20210402 20210416 20210430 20210514 20210528 20210611 20210625 20210709 20210723 20210806 20210820 20210903 20210917 20211001 20211015 20211029 20211112 20211126 20211210 20211224 20220114 20220128 20220211 20220225 20220311 20220325,20210414 20210428 20210512 20210526 20210609 20210623 20210707 20210721 20210804 20210818 20210901 20210915 20210929 20211013 20211027 20211110 20211124 20211208 20211222 20220112 20220126 20220209 20220223 20220309 20220323
古谷,環境資源ギャラリー ,月 木,20210402 20210416 20210430 20210514 20210528 20210611 20210625 20210709 20210723 20210806 20210820 20210903 20210917 20211001 20211015 20211029 20211112 20211126 20211210 20211224 20220114 20220128 20220211 20220225 20220311 20220325,20210414 20210428 20210512 20210526 20210609 20210623 20210707 20210721 20210804 20210818 20210901 20210915 20210929 20211013 20211027 20211110 20211124 20211208 20211222 20220112 20220126 20220209 20220223 20220309 20220323
川東,環境資源ギャラリー ,月 木,20210402 20210416 20210430 20210514 20210528 20210611 20210625 20210709 20210723 20210806 20210820 20210903 20210917 20211001 20211015 20211029 20211112 20211126 20211210 20211224 20220114 20220128 20220211 20220225 20220311 20220325,20210414 20210428 20210512 20210526 20210609 20210623 20210707 20210721 20210804 20210818 20210901 20210915 20210929 20211013 20211027 20211110 20211124 20211208 20211222 20220112 20220126 20220209 20220223 20220309 20220323
川中,環境資源ギャラリー ,月 木,20210402 20210416 20210430 20210514 20210528 20210611 20210625 20210709 20210723 20210806 20210820 20210903 20210917 20211001 20211015 20211029 20211112 20211126 20211210 20211224 20220114 20220128 20220211 20220225 20220311 20220325,20210414 20210428 20210512 20210526 20210609 20210623 20210707 20210721 20210804 20210818 20210901 20210915 20210929 20211013 20211027 20211110 20211124 20211208 20211222 20220112 20220126 20220209 20220223 20220309 20220323
川西,環境資源ギャラリー ,月 木,20210402 20210416 20210430 20210514 20210528 20210611 20210625 20210709 20210723 20210806 20210820 20210903 20210917 20211001 20211015 20211029 20211112 20211126 20211210 20211224 20220114 20220128 20220211 20220225 20220311 20220325,20210414 20210428 20210512 20210526 20210609 20210623 20210707 20210721 20210804 20210818 20210901 20210915 20210929 20211013 20211027 20211110 20211124 20211208 20211222 20220112 20220126 20220209 20220223 20220309 20220323
三協,環境資源ギャラリー ,月 木,20210402 20210416 20210430 20210514 20210528 20210611 20210625 20210709 20210723 20210806 20210820 20210903 20210917 20211001 20211015 20211029 20211112 20211126 20211210 20211224 20220114 20220128 20220211 20220225 20220311 20220325,20210414 20210428 20210512 20210526 20210609 20210623 20210707 20210721 20210804 20210818 20210901 20210915 20210929 20211013 20211027 20211110 20211124 20211208 20211222 20220112 20220126 20220209 20220223 20220309 20220323
棚草,環境資源ギャラリー ,月 木,20210402 20210416 20210430 20210514 20210528 20210611 20210625 20210709 20210723 20210806 20210820 20210903 20210917 20211001 20211015 20211029 20211112 20211126 20211210 20211224 20220114 20220128 20220211 20220225 20220311 20220325,20210414 20210428 20210512 20210526 20210609 20210623 20210707 20210721 20210804 20210818 20210901 20210915 20210929 20211013 20211027 20211110 20211124 20211208 20211222 20220112 20220126 20220209 20220223 20220309 20220323
赤土上,環境資源ギャラリー ,月 木,20210402 20210416 20210430 20210514 20210528 20210611 20210625 20210709 20210723 20210806 20210820 20210903 20210917 20211001 20211015 20211029 20211112 20211126 20211210 20211224 20220114 20220128 20220211 20220225 20220311 20220325,20210414 20210428 20210512 20210526 20210609 20210623 20210707 20210721 20210804 20210818 20210901 20210915 20210929 20211013 20211027 20211110 20211124 20211208 20211222 20220112 20220126 20220209 20220223 20220309 20220323
赤土下,環境資源ギャラリー ,月 木,20210402 20210416 20210430 20210514 20210528 20210611 20210625 20210709 20210723 20210806 20210820 20210903 20210917 20211001 20211015 20211029 20211112 20211126 20211210 20211224 20220114 20220128 20220211 20220225 20220311 20220325,20210414 20210428 20210512 20210526 20210609 20210623 20210707 20210721 20210804 20210818 20210901 20210915 20210929 20211013 20211027 20211110 20211124 20211208 20211222 20220112 20220126 20220209 20220223 20220309 20220323
赤土団地,環境資源ギャラリー ,月 木,20210402 20210416 20210430 20210514 20210528 20210611 20210625 20210709 20210723 20210806 20210820 20210903 20210917 20211001 20211015 20211029 20211112 20211126 20211210 20211224 20220114 20220128 20220211 20220225 20220311 20220325,20210414 20210428 20210512 20210526 20210609 20210623 20210707 20210721 20210804 20210818 20210901 20210915 20210929 20211013 20211027 20211110 20211124 20211208 20211222 20220112 20220126 20220209 20220223 20220309 20220323
城山下,環境資源ギャラリー ,月 木,20210402 20210416 20210430 20210514 20210528 20210611 20210625 20210709 20210723 20210806 20210820 20210903 20210917 20211001 20211015 20211029 20211112 20211126 20211210 20211224 20220114 20220128 20220211 20220225 20220311 20220325,20210414 20210428 20210512 20210526 20210609 20210623 20210707 20210721 20210804 20210818 20210901 20210915 20210929 20211013 20211027 20211110 20211124 20211208 20211222 20220112 20220126 20220209 20220223 20220309 20220323
花水木,環境資源ギャラリー ,月 木,20210402 20210416 20210430 20210514 20210528 20210611 20210625 20210709 20210723 20210806 20210820 20210903 20210917 20211001 20211015 20211029 20211112 20211126 20211210 20211224 20220114 20220128 20220211 20220225 20220311 20220325,20210414 20210428 20210512 20210526 20210609 20210623 20210707 20210721 20210804 20210818 20210901 20210915 20210929 20211013 20211027 20211110 20211124 20211208 20211222 20220112 20220126 20220209 20220223 20220309 20220323
