地名,センター,燃えるごみ,燃えないごみ,資源物
公文名,掛川市・菊川市衛生施設組合環境資源ギャラリー ,火 金,20160407 20160421 20160505 20160519 20160602 20160616 20160630 20160714 20160728 20160811 20160825 20160908 20160922 20161006 20161020 20161103 20161117 20161201 20161215 20161229 20170119 20170202 20170216 20170302 20170316 20170330,20160414 20160428 20160512 20160526 20160609 20160623 20160707 20160721 20160804 20160818 20160901 20160915 20160929 20161013 20161027 20161110 20161124 20161208 20161222 20170112 20170126 20170209 20170223 20170309 20170323
沢田,掛川市・菊川市衛生施設組合環境資源ギャラリー ,火 金,20160407 20160421 20160505 20160519 20160602 20160616 20160630 20160714 20160728 20160811 20160825 20160908 20160922 20161006 20161020 20161103 20161117 20161201 20161215 20161229 20170119 20170202 20170216 20170302 20170316 20170330,20160414 20160428 20160512 20160526 20160609 20160623 20160707 20160721 20160804 20160818 20160901 20160915 20160929 20161013 20161027 20161110 20161124 20161208 20161222 20170112 20170126 20170209 20170223 20170309 20170323
島川,掛川市・菊川市衛生施設組合環境資源ギャラリー ,火 金,20160407 20160421 20160505 20160519 20160602 20160616 20160630 20160714 20160728 20160811 20160825 20160908 20160922 20161006 20161020 20161103 20161117 20161201 20161215 20161229 20170119 20170202 20170216 20170302 20170316 20170330,20160414 20160428 20160512 20160526 20160609 20160623 20160707 20160721 20160804 20160818 20160901 20160915 20160929 20161013 20161027 20161110 20161124 20161208 20161222 20170112 20170126 20170209 20170223 20170309 20170323
田ヶ谷,掛川市・菊川市衛生施設組合環境資源ギャラリー ,火 金,20160407 20160421 20160505 20160519 20160602 20160616 20160630 20160714 20160728 20160811 20160825 20160908 20160922 20161006 20161020 20161103 20161117 20161201 20161215 20161229 20170119 20170202 20170216 20170302 20170316 20170330,20160414 20160428 20160512 20160526 20160609 20160623 20160707 20160721 20160804 20160818 20160901 20160915 20160929 20161013 20161027 20161110 20161124 20161208 20161222 20170112 20170126 20170209 20170223 20170309 20170323
堀田上,掛川市・菊川市衛生施設組合環境資源ギャラリー ,火 金,20160407 20160421 20160505 20160519 20160602 20160616 20160630 20160714 20160728 20160811 20160825 20160908 20160922 20161006 20161020 20161103 20161117 20161201 20161215 20161229 20170119 20170202 20170216 20170302 20170316 20170330,20160414 20160428 20160512 20160526 20160609 20160623 20160707 20160721 20160804 20160818 20160901 20160915 20160929 20161013 20161027 20161110 20161124 20161208 20161222 20170112 20170126 20170209 20170223 20170309 20170323
堀田下,掛川市・菊川市衛生施設組合環境資源ギャラリー ,火 金,20160407 20160421 20160505 20160519 20160602 20160616 20160630 20160714 20160728 20160811 20160825 20160908 20160922 20161006 20161020 20161103 20161117 20161201 20161215 20161229 20170119 20170202 20170216 20170302 20170316 20170330,20160414 20160428 20160512 20160526 20160609 20160623 20160707 20160721 20160804 20160818 20160901 20160915 20160929 20161013 20161027 20161110 20161124 20161208 20161222 20170112 20170126 20170209 20170223 20170309 20170323
堀之内,掛川市・菊川市衛生施設組合環境資源ギャラリー ,火 金,20160407 20160421 20160505 20160519 20160602 20160616 20160630 20160714 20160728 20160811 20160825 20160908 20160922 20161006 20161020 20161103 20161117 20161201 20161215 20161229 20170119 20170202 20170216 20170302 20170316 20170330,20160414 20160428 20160512 20160526 20160609 20160623 20160707 20160721 20160804 20160818 20160901 20160915 20160929 20161013 20161027 20161110 20161124 20161208 20161222 20170112 20170126 20170209 20170223 20170309 20170323
日吉町,掛川市・菊川市衛生施設組合環境資源ギャラリー ,火 金,20160407 20160421 20160505 20160519 20160602 20160616 20160630 20160714 20160728 20160811 20160825 20160908 20160922 20161006 20161020 20161103 20161117 20161201 20161215 20161229 20170119 20170202 20170216 20170302 20170316 20170330,20160414 20160428 20160512 20160526 20160609 20160623 20160707 20160721 20160804 20160818 20160901 20160915 20160929 20161013 20161027 20161110 20161124 20161208 20161222 20170112 20170126 20170209 20170223 20170309 20170323
宮前,掛川市・菊川市衛生施設組合環境資源ギャラリー ,火 金,20160407 20160421 20160505 20160519 20160602 20160616 20160630 20160714 20160728 20160811 20160825 20160908 20160922 20161006 20161020 20161103 20161117 20161201 20161215 20161229 20170119 20170202 20170216 20170302 20170316 20170330,20160414 20160428 20160512 20160526 20160609 20160623 20160707 20160721 20160804 20160818 20160901 20160915 20160929 20161013 20161027 20161110 20161124 20161208 20161222 20170112 20170126 20170209 20170223 20170309 20170323
西通り,掛川市・菊川市衛生施設組合環境資源ギャラリー ,火 金,20160407 20160421 20160505 20160519 20160602 20160616 20160630 20160714 20160728 20160811 20160825 20160908 20160922 20161006 20161020 20161103 20161117 20161201 20161215 20161229 20170119 20170202 20170216 20170302 20170316 20170330,20160414 20160428 20160512 20160526 20160609 20160623 20160707 20160721 20160804 20160818 20160901 20160915 20160929 20161013 20161027 20161110 20161124 20161208 20161222 20170112 20170126 20170209 20170223 20170309 20170323
本通り上,掛川市・菊川市衛生施設組合環境資源ギャラリー ,火 金,20160407 20160421 20160505 20160519 20160602 20160616 20160630 20160714 20160728 20160811 20160825 20160908 20160922 20161006 20161020 20161103 20161117 20161201 20161215 20161229 20170119 20170202 20170216 20170302 20170316 20170330,20160414 20160428 20160512 20160526 20160609 20160623 20160707 20160721 20160804 20160818 20160901 20160915 20160929 20161013 20161027 20161110 20161124 20161208 20161222 20170112 20170126 20170209 20170223 20170309 20170323
本通り下,掛川市・菊川市衛生施設組合環境資源ギャラリー ,火 金,20160407 20160421 20160505 20160519 20160602 20160616 20160630 20160714 20160728 20160811 20160825 20160908 20160922 20161006 20161020 20161103 20161117 20161201 20161215 20161229 20170119 20170202 20170216 20170302 20170316 20170330,20160414 20160428 20160512 20160526 20160609 20160623 20160707 20160721 20160804 20160818 20160901 20160915 20160929 20161013 20161027 20161110 20161124 20161208 20161222 20170112 20170126 20170209 20170223 20170309 20170323
新通,掛川市・菊川市衛生施設組合環境資源ギャラリー ,火 金,20160407 20160421 20160505 20160519 20160602 20160616 20160630 20160714 20160728 20160811 20160825 20160908 20160922 20161006 20161020 20161103 20161117 20161201 20161215 20161229 20170119 20170202 20170216 20170302 20170316 20170330,20160414 20160428 20160512 20160526 20160609 20160623 20160707 20160721 20160804 20160818 20160901 20160915 20160929 20161013 20161027 20161110 20161124 20161208 20161222 20170112 20170126 20170209 20170223 20170309 20170323
初咲町,掛川市・菊川市衛生施設組合環境資源ギャラリー ,火 金,20160407 20160421 20160505 20160519 20160602 20160616 20160630 20160714 20160728 20160811 20160825 20160908 20160922 20161006 20161020 20161103 20161117 20161201 20161215 20161229 20170119 20170202 20170216 20170302 20170316 20170330,20160414 20160428 20160512 20160526 20160609 20160623 20160707 20160721 20160804 20160818 20160901 20160915 20160929 20161013 20161027 20161110 20161124 20161208 20161222 20170112 20170126 20170209 20170223 20170309 20170323
日之出町１,掛川市・菊川市衛生施設組合環境資源ギャラリー ,火 金,20160407 20160421 20160505 20160519 20160602 20160616 20160630 20160714 20160728 20160811 20160825 20160908 20160922 20161006 20161020 20161103 20161117 20161201 20161215 20161229 20170119 20170202 20170216 20170302 20170316 20170330,20160414 20160428 20160512 20160526 20160609 20160623 20160707 20160721 20160804 20160818 20160901 20160915 20160929 20161013 20161027 20161110 20161124 20161208 20161222 20170112 20170126 20170209 20170223 20170309 20170323
緑ヶ丘,掛川市・菊川市衛生施設組合環境資源ギャラリー ,火 金,20160407 20160421 20160505 20160519 20160602 20160616 20160630 20160714 20160728 20160811 20160825 20160908 20160922 20161006 20161020 20161103 20161117 20161201 20161215 20161229 20170119 20170202 20170216 20170302 20170316 20170330,20160414 20160428 20160512 20160526 20160609 20160623 20160707 20160721 20160804 20160818 20160901 20160915 20160929 20161013 20161027 20161110 20161124 20161208 20161222 20170112 20170126 20170209 20170223 20170309 20170323
柳町,掛川市・菊川市衛生施設組合環境資源ギャラリー ,火 金,20160407 20160421 20160505 20160519 20160602 20160616 20160630 20160714 20160728 20160811 20160825 20160908 20160922 20161006 20161020 20161103 20161117 20161201 20161215 20161229 20170119 20170202 20170216 20170302 20170316 20170330,20160414 20160428 20160512 20160526 20160609 20160623 20160707 20160721 20160804 20160818 20160901 20160915 20160929 20161013 20161027 20161110 20161124 20161208 20161222 20170112 20170126 20170209 20170223 20170309 20170323
白岩下,掛川市・菊川市衛生施設組合環境資源ギャラリー ,火 金,20160407 20160421 20160505 20160519 20160602 20160616 20160630 20160714 20160728 20160811 20160825 20160908 20160922 20161006 20161020 20161103 20161117 20161201 20161215 20161229 20170119 20170202 20170216 20170302 20170316 20170330,20160411 20160425 20160509 20160523 20160606 20160620 20160704 20160718 20160801 20160815 20160829 20160912 20160926 20161010 20161024 20161107 20161121 20161205 20161219 20170109 20170123 20170206 20170220 20170306 20170320
三軒家,掛川市・菊川市衛生施設組合環境資源ギャラリー ,火 金,20160407 20160421 20160505 20160519 20160602 20160616 20160630 20160714 20160728 20160811 20160825 20160908 20160922 20161006 20161020 20161103 20161117 20161201 20161215 20161229 20170119 20170202 20170216 20170302 20170316 20170330,20160411 20160425 20160509 20160523 20160606 20160620 20160704 20160718 20160801 20160815 20160829 20160912 20160926 20161010 20161024 20161107 20161121 20161205 20161219 20170109 20170123 20170206 20170220 20170306 20170320
白岩東,掛川市・菊川市衛生施設組合環境資源ギャラリー ,火 金,20160407 20160421 20160505 20160519 20160602 20160616 20160630 20160714 20160728 20160811 20160825 20160908 20160922 20161006 20161020 20161103 20161117 20161201 20161215 20161229 20170119 20170202 20170216 20170302 20170316 20170330,20160411 20160425 20160509 20160523 20160606 20160620 20160704 20160718 20160801 20160815 20160829 20160912 20160926 20161010 20161024 20161107 20161121 20161205 20161219 20170109 20170123 20170206 20170220 20170306 20170320
白岩段,掛川市・菊川市衛生施設組合環境資源ギャラリー ,火 金,20160407 20160421 20160505 20160519 20160602 20160616 20160630 20160714 20160728 20160811 20160825 20160908 20160922 20161006 20161020 20161103 20161117 20161201 20161215 20161229 20170119 20170202 20170216 20170302 20170316 20170330,20160411 20160425 20160509 20160523 20160606 20160620 20160704 20160718 20160801 20160815 20160829 20160912 20160926 20161010 20161024 20161107 20161121 20161205 20161219 20170109 20170123 20170206 20170220 20170306 20170320
西袋,掛川市・菊川市衛生施設組合環境資源ギャラリー ,火 金,20160407 20160421 20160505 20160519 20160602 20160616 20160630 20160714 20160728 20160811 20160825 20160908 20160922 20161006 20161020 20161103 20161117 20161201 20161215 20161229 20170119 20170202 20170216 20170302 20170316 20170330,20160411 20160425 20160509 20160523 20160606 20160620 20160704 20160718 20160801 20160815 20160829 20160912 20160926 20161010 20161024 20161107 20161121 20161205 20161219 20170109 20170123 20170206 20170220 20170306 20170320
小川端,掛川市・菊川市衛生施設組合環境資源ギャラリー ,火 金,20160407 20160421 20160505 20160519 20160602 20160616 20160630 20160714 20160728 20160811 20160825 20160908 20160922 20161006 20161020 20161103 20161117 20161201 20161215 20161229 20170119 20170202 20170216 20170302 20170316 20170330,20160411 20160425 20160509 20160523 20160606 20160620 20160704 20160718 20160801 20160815 20160829 20160912 20160926 20161010 20161024 20161107 20161121 20161205 20161219 20170109 20170123 20170206 20170220 20170306 20170320
長池,掛川市・菊川市衛生施設組合環境資源ギャラリー ,火 金,20160407 20160421 20160505 20160519 20160602 20160616 20160630 20160714 20160728 20160811 20160825 20160908 20160922 20161006 20161020 20161103 20161117 20161201 20161215 20161229 20170119 20170202 20170216 20170302 20170316 20170330,20160411 20160425 20160509 20160523 20160606 20160620 20160704 20160718 20160801 20160815 20160829 20160912 20160926 20161010 20161024 20161107 20161121 20161205 20161219 20170109 20170123 20170206 20170220 20170306 20170320
御門,掛川市・菊川市衛生施設組合環境資源ギャラリー ,火 金,20160407 20160421 20160505 20160519 20160602 20160616 20160630 20160714 20160728 20160811 20160825 20160908 20160922 20161006 20161020 20161103 20161117 20161201 20161215 20161229 20170119 20170202 20170216 20170302 20170316 20170330,20160411 20160425 20160509 20160523 20160606 20160620 20160704 20160718 20160801 20160815 20160829 20160912 20160926 20161010 20161024 20161107 20161121 20161205 20161219 20170109 20170123 20170206 20170220 20170306 20170320
月岡,掛川市・菊川市衛生施設組合環境資源ギャラリー ,火 金,20160407 20160421 20160505 20160519 20160602 20160616 20160630 20160714 20160728 20160811 20160825 20160908 20160922 20161006 20161020 20161103 20161117 20161201 20161215 20161229 20170119 20170202 20170216 20170302 20170316 20170330,20160411 20160425 20160509 20160523 20160606 20160620 20160704 20160718 20160801 20160815 20160829 20160912 20160926 20161010 20161024 20161107 20161121 20161205 20161219 20170109 20170123 20170206 20170220 20170306 20170320
東平尾,掛川市・菊川市衛生施設組合環境資源ギャラリー ,火 金,20160407 20160421 20160505 20160519 20160602 20160616 20160630 20160714 20160728 20160811 20160825 20160908 20160922 20161006 20161020 20161103 20161117 20161201 20161215 20161229 20170119 20170202 20170216 20170302 20170316 20170330,20160406 20160420 20160504 20160518 20160601 20160615 20160629 20160713 20160727 20160810 20160824 20160907 20160921 20161005 20161019 20161102 20161116 20161130 20161214 20161228 20170118 20170201 20170215 20170301 20170315 20170329
西平尾,掛川市・菊川市衛生施設組合環境資源ギャラリー ,火 金,20160407 20160421 20160505 20160519 20160602 20160616 20160630 20160714 20160728 20160811 20160825 20160908 20160922 20161006 20161020 20161103 20161117 20161201 20161215 20161229 20170119 20170202 20170216 20170302 20170316 20170330,20160406 20160420 20160504 20160518 20160601 20160615 20160629 20160713 20160727 20160810 20160824 20160907 20160921 20161005 20161019 20161102 20161116 20161130 20161214 20161228 20170118 20170201 20170215 20170301 20170315 20170329
稲荷部,掛川市・菊川市衛生施設組合環境資源ギャラリー ,火 金,20160407 20160421 20160505 20160519 20160602 20160616 20160630 20160714 20160728 20160811 20160825 20160908 20160922 20161006 20161020 20161103 20161117 20161201 20161215 20161229 20170119 20170202 20170216 20170302 20170316 20170330,20160406 20160420 20160504 20160518 20160601 20160615 20160629 20160713 20160727 20160810 20160824 20160907 20160921 20161005 20161019 20161102 20161116 20161130 20161214 20161228 20170118 20170201 20170215 20170301 20170315 20170329
高田,掛川市・菊川市衛生施設組合環境資源ギャラリー ,火 金,20160407 20160421 20160505 20160519 20160602 20160616 20160630 20160714 20160728 20160811 20160825 20160908 20160922 20161006 20161020 20161103 20161117 20161201 20161215 20161229 20170119 20170202 20170216 20170302 20170316 20170330,20160406 20160420 20160504 20160518 20160601 20160615 20160629 20160713 20160727 20160810 20160824 20160907 20160921 20161005 20161019 20161102 20161116 20161130 20161214 20161228 20170118 20170201 20170215 20170301 20170315 20170329
段平尾,掛川市・菊川市衛生施設組合環境資源ギャラリー ,火 金,20160407 20160421 20160505 20160519 20160602 20160616 20160630 20160714 20160728 20160811 20160825 20160908 20160922 20161006 20161020 20161103 20161117 20161201 20161215 20161229 20170119 20170202 20170216 20170302 20170316 20170330,20160406 20160420 20160504 20160518 20160601 20160615 20160629 20160713 20160727 20160810 20160824 20160907 20160921 20161005 20161019 20161102 20161116 20161130 20161214 20161228 20170118 20170201 20170215 20170301 20170315 20170329
平尾,掛川市・菊川市衛生施設組合環境資源ギャラリー ,火 金,20160407 20160421 20160505 20160519 20160602 20160616 20160630 20160714 20160728 20160811 20160825 20160908 20160922 20161006 20161020 20161103 20161117 20161201 20161215 20161229 20170119 20170202 20170216 20170302 20170316 20170330,20160406 20160420 20160504 20160518 20160601 20160615 20160629 20160713 20160727 20160810 20160824 20160907 20160921 20161005 20161019 20161102 20161116 20161130 20161214 20161228 20170118 20170201 20170215 20170301 20170315 20170329
森,掛川市・菊川市衛生施設組合環境資源ギャラリー ,火 金,20160407 20160421 20160505 20160519 20160602 20160616 20160630 20160714 20160728 20160811 20160825 20160908 20160922 20161006 20161020 20161103 20161117 20161201 20161215 20161229 20170119 20170202 20170216 20170302 20170316 20170330,20160406 20160420 20160504 20160518 20160601 20160615 20160629 20160713 20160727 20160810 20160824 20160907 20160921 20161005 20161019 20161102 20161116 20161130 20161214 20161228 20170118 20170201 20170215 20170301 20170315 20170329
杉森,掛川市・菊川市衛生施設組合環境資源ギャラリー ,火 金,20160407 20160421 20160505 20160519 20160602 20160616 20160630 20160714 20160728 20160811 20160825 20160908 20160922 20161006 20161020 20161103 20161117 20161201 20161215 20161229 20170119 20170202 20170216 20170302 20170316 20170330,20160406 20160420 20160504 20160518 20160601 20160615 20160629 20160713 20160727 20160810 20160824 20160907 20160921 20161005 20161019 20161102 20161116 20161130 20161214 20161228 20170118 20170201 20170215 20170301 20170315 20170329
政所,掛川市・菊川市衛生施設組合環境資源ギャラリー ,火 金,20160407 20160421 20160505 20160519 20160602 20160616 20160630 20160714 20160728 20160811 20160825 20160908 20160922 20161006 20161020 20161103 20161117 20161201 20161215 20161229 20170119 20170202 20170216 20170302 20170316 20170330,20160406 20160420 20160504 20160518 20160601 20160615 20160629 20160713 20160727 20160810 20160824 20160907 20160921 20161005 20161019 20161102 20161116 20161130 20161214 20161228 20170118 20170201 20170215 20170301 20170315 20170329
奥横地,掛川市・菊川市衛生施設組合環境資源ギャラリー ,火 金,20160407 20160421 20160505 20160519 20160602 20160616 20160630 20160714 20160728 20160811 20160825 20160908 20160922 20161006 20161020 20161103 20161117 20161201 20161215 20161229 20170119 20170202 20170216 20170302 20170316 20170330,20160406 20160420 20160504 20160518 20160601 20160615 20160629 20160713 20160727 20160810 20160824 20160907 20160921 20161005 20161019 20161102 20161116 20161130 20161214 20161228 20170118 20170201 20170215 20170301 20170315 20170329
段横地,掛川市・菊川市衛生施設組合環境資源ギャラリー ,火 金,20160407 20160421 20160505 20160519 20160602 20160616 20160630 20160714 20160728 20160811 20160825 20160908 20160922 20161006 20161020 20161103 20161117 20161201 20161215 20161229 20170119 20170202 20170216 20170302 20170316 20170330,20160406 20160420 20160504 20160518 20160601 20160615 20160629 20160713 20160727 20160810 20160824 20160907 20160921 20161005 20161019 20161102 20161116 20161130 20161214 20161228 20170118 20170201 20170215 20170301 20170315 20170329
川島,掛川市・菊川市衛生施設組合環境資源ギャラリー ,火 金,20160407 20160421 20160505 20160519 20160602 20160616 20160630 20160714 20160728 20160811 20160825 20160908 20160922 20161006 20161020 20161103 20161117 20161201 20161215 20161229 20170119 20170202 20170216 20170302 20170316 20170330,20160406 20160420 20160504 20160518 20160601 20160615 20160629 20160713 20160727 20160810 20160824 20160907 20160921 20161005 20161019 20161102 20161116 20161130 20161214 20161228 20170118 20170201 20170215 20170301 20170315 20170329
西横地,掛川市・菊川市衛生施設組合環境資源ギャラリー ,火 金,20160407 20160421 20160505 20160519 20160602 20160616 20160630 20160714 20160728 20160811 20160825 20160908 20160922 20161006 20161020 20161103 20161117 20161201 20161215 20161229 20170119 20170202 20170216 20170302 20170316 20170330,20160406 20160420 20160504 20160518 20160601 20160615 20160629 20160713 20160727 20160810 20160824 20160907 20160921 20161005 20161019 20161102 20161116 20161130 20161214 20161228 20170118 20170201 20170215 20170301 20170315 20170329
土橋,掛川市・菊川市衛生施設組合環境資源ギャラリー ,火 金,20160407 20160421 20160505 20160519 20160602 20160616 20160630 20160714 20160728 20160811 20160825 20160908 20160922 20161006 20161020 20161103 20161117 20161201 20161215 20161229 20170119 20170202 20170216 20170302 20170316 20170330,20160406 20160420 20160504 20160518 20160601 20160615 20160629 20160713 20160727 20160810 20160824 20160907 20160921 20161005 20161019 20161102 20161116 20161130 20161214 20161228 20170118 20170201 20170215 20170301 20170315 20170329
奈良野,掛川市・菊川市衛生施設組合環境資源ギャラリー ,火 金,20160407 20160421 20160505 20160519 20160602 20160616 20160630 20160714 20160728 20160811 20160825 20160908 20160922 20161006 20161020 20161103 20161117 20161201 20161215 20161229 20170119 20170202 20170216 20170302 20170316 20170330,20160406 20160420 20160504 20160518 20160601 20160615 20160629 20160713 20160727 20160810 20160824 20160907 20160921 20161005 20161019 20161102 20161116 20161130 20161214 20161228 20170118 20170201 20170215 20170301 20170315 20170329
三沢,掛川市・菊川市衛生施設組合環境資源ギャラリー ,火 金,20160407 20160421 20160505 20160519 20160602 20160616 20160630 20160714 20160728 20160811 20160825 20160908 20160922 20161006 20161020 20161103 20161117 20161201 20161215 20161229 20170119 20170202 20170216 20170302 20170316 20170330,20160406 20160420 20160504 20160518 20160601 20160615 20160629 20160713 20160727 20160810 20160824 20160907 20160921 20161005 20161019 20161102 20161116 20161130 20161214 20161228 20170118 20170201 20170215 20170301 20170315 20170329
星ヶ丘,掛川市・菊川市衛生施設組合環境資源ギャラリー ,火 金,20160407 20160421 20160505 20160519 20160602 20160616 20160630 20160714 20160728 20160811 20160825 20160908 20160922 20161006 20161020 20161103 20161117 20161201 20161215 20161229 20170119 20170202 20170216 20170302 20170316 20170330,20160406 20160420 20160504 20160518 20160601 20160615 20160629 20160713 20160727 20160810 20160824 20160907 20160921 20161005 20161019 20161102 20161116 20161130 20161214 20161228 20170118 20170201 20170215 20170301 20170315 20170329
横地雇用促進,掛川市・菊川市衛生施設組合環境資源ギャラリー ,火 金,20160407 20160421 20160505 20160519 20160602 20160616 20160630 20160714 20160728 20160811 20160825 20160908 20160922 20161006 20161020 20161103 20161117 20161201 20161215 20161229 20170119 20170202 20170216 20170302 20170316 20170330,20160406 20160420 20160504 20160518 20160601 20160615 20160629 20160713 20160727 20160810 20160824 20160907 20160921 20161005 20161019 20161102 20161116 20161130 20161214 20161228 20170118 20170201 20170215 20170301 20170315 20170329
五丁目上,掛川市・菊川市衛生施設組合環境資源ギャラリー ,月 木,20160408 20160422 20160506 20160520 20160603 20160617 20160701 20160715 20160729 20160812 20160826 20160909 20160923 20161007 20161021 20161104 20161118 20161202 20161216 20161230 20170120 20170203 20170217 20170303 20170317 20170331,20160412 20160426 20160510 20160524 20160607 20160621 20160705 20160719 20160802 20160816 20160830 20160913 20160927 20161011 20161025 20161108 20161122 20161206 20161220 20170110 20170124 20170207 20170221 20170307 20170321
五丁目下,掛川市・菊川市衛生施設組合環境資源ギャラリー ,月 木,20160408 20160422 20160506 20160520 20160603 20160617 20160701 20160715 20160729 20160812 20160826 20160909 20160923 20161007 20161021 20161104 20161118 20161202 20161216 20161230 20170120 20170203 20170217 20170303 20170317 20170331,20160412 20160426 20160510 20160524 20160607 20160621 20160705 20160719 20160802 20160816 20160830 20160913 20160927 20161011 20161025 20161108 20161122 20161206 20161220 20170110 20170124 20170207 20170221 20170307 20170321
打上,掛川市・菊川市衛生施設組合環境資源ギャラリー ,月 木,20160408 20160422 20160506 20160520 20160603 20160617 20160701 20160715 20160729 20160812 20160826 20160909 20160923 20161007 20161021 20161104 20161118 20161202 20161216 20161230 20170120 20170203 20170217 20170303 20170317 20170331,20160412 20160426 20160510 20160524 20160607 20160621 20160705 20160719 20160802 20160816 20160830 20160913 20160927 20161011 20161025 20161108 20161122 20161206 20161220 20170110 20170124 20170207 20170221 20170307 20170321
島,掛川市・菊川市衛生施設組合環境資源ギャラリー ,月 木,20160408 20160422 20160506 20160520 20160603 20160617 20160701 20160715 20160729 20160812 20160826 20160909 20160923 20161007 20161021 20161104 20161118 20161202 20161216 20161230 20170120 20170203 20170217 20170303 20170317 20170331,20160412 20160426 20160510 20160524 20160607 20160621 20160705 20160719 20160802 20160816 20160830 20160913 20160927 20161011 20161025 20161108 20161122 20161206 20161220 20170110 20170124 20170207 20170221 20170307 20170321
下本所,掛川市・菊川市衛生施設組合環境資源ギャラリー ,月 木,20160408 20160422 20160506 20160520 20160603 20160617 20160701 20160715 20160729 20160812 20160826 20160909 20160923 20161007 20161021 20161104 20161118 20161202 20161216 20161230 20170120 20170203 20170217 20170303 20170317 20170331,20160412 20160426 20160510 20160524 20160607 20160621 20160705 20160719 20160802 20160816 20160830 20160913 20160927 20161011 20161025 20161108 20161122 20161206 20161220 20170110 20170124 20170207 20170221 20170307 20170321
下半済,掛川市・菊川市衛生施設組合環境資源ギャラリー ,月 木,20160408 20160422 20160506 20160520 20160603 20160617 20160701 20160715 20160729 20160812 20160826 20160909 20160923 20161007 20161021 20161104 20161118 20161202 20161216 20161230 20170120 20170203 20170217 20170303 20170317 20170331,20160412 20160426 20160510 20160524 20160607 20160621 20160705 20160719 20160802 20160816 20160830 20160913 20160927 20161011 20161025 20161108 20161122 20161206 20161220 20170110 20170124 20170207 20170221 20170307 20170321
小出,掛川市・菊川市衛生施設組合環境資源ギャラリー ,月 木,20160408 20160422 20160506 20160520 20160603 20160617 20160701 20160715 20160729 20160812 20160826 20160909 20160923 20161007 20161021 20161104 20161118 20161202 20161216 20161230 20170120 20170203 20170217 20170303 20170317 20170331,20160412 20160426 20160510 20160524 20160607 20160621 20160705 20160719 20160802 20160816 20160830 20160913 20160927 20161011 20161025 20161108 20161122 20161206 20161220 20170110 20170124 20170207 20170221 20170307 20170321
神尾上,掛川市・菊川市衛生施設組合環境資源ギャラリー ,月 木,20160408 20160422 20160506 20160520 20160603 20160617 20160701 20160715 20160729 20160812 20160826 20160909 20160923 20161007 20161021 20161104 20161118 20161202 20161216 20161230 20170120 20170203 20170217 20170303 20170317 20170331,20160412 20160426 20160510 20160524 20160607 20160621 20160705 20160719 20160802 20160816 20160830 20160913 20160927 20161011 20161025 20161108 20161122 20161206 20161220 20170110 20170124 20170207 20170221 20170307 20170321
神尾下,掛川市・菊川市衛生施設組合環境資源ギャラリー ,月 木,20160408 20160422 20160506 20160520 20160603 20160617 20160701 20160715 20160729 20160812 20160826 20160909 20160923 20161007 20161021 20161104 20161118 20161202 20161216 20161230 20170120 20170203 20170217 20170303 20170317 20170331,20160412 20160426 20160510 20160524 20160607 20160621 20160705 20160719 20160802 20160816 20160830 20160913 20160927 20161011 20161025 20161108 20161122 20161206 20161220 20170110 20170124 20170207 20170221 20170307 20170321
牛渕上,掛川市・菊川市衛生施設組合環境資源ギャラリー ,月 木,20160408 20160422 20160506 20160520 20160603 20160617 20160701 20160715 20160729 20160812 20160826 20160909 20160923 20161007 20161021 20161104 20161118 20161202 20161216 20161230 20170120 20170203 20170217 20170303 20170317 20170331,20160412 20160426 20160510 20160524 20160607 20160621 20160705 20160719 20160802 20160816 20160830 20160913 20160927 20161011 20161025 20161108 20161122 20161206 20161220 20170110 20170124 20170207 20170221 20170307 20170321
牛渕下,掛川市・菊川市衛生施設組合環境資源ギャラリー ,月 木,20160408 20160422 20160506 20160520 20160603 20160617 20160701 20160715 20160729 20160812 20160826 20160909 20160923 20161007 20161021 20161104 20161118 20161202 20161216 20161230 20170120 20170203 20170217 20170303 20170317 20170331,20160412 20160426 20160510 20160524 20160607 20160621 20160705 20160719 20160802 20160816 20160830 20160913 20160927 20161011 20161025 20161108 20161122 20161206 20161220 20170110 20170124 20170207 20170221 20170307 20170321
牧之原上,掛川市・菊川市衛生施設組合環境資源ギャラリー ,月 木,20160408 20160422 20160506 20160520 20160603 20160617 20160701 20160715 20160729 20160812 20160826 20160909 20160923 20161007 20161021 20161104 20161118 20161202 20161216 20161230 20170120 20170203 20170217 20170303 20170317 20170331,20160412 20160426 20160510 20160524 20160607 20160621 20160705 20160719 20160802 20160816 20160830 20160913 20160927 20161011 20161025 20161108 20161122 20161206 20161220 20170110 20170124 20170207 20170221 20170307 20170321
牧之原下,掛川市・菊川市衛生施設組合環境資源ギャラリー ,月 木,20160408 20160422 20160506 20160520 20160603 20160617 20160701 20160715 20160729 20160812 20160826 20160909 20160923 20161007 20161021 20161104 20161118 20161202 20161216 20161230 20170120 20170203 20170217 20170303 20170317 20170331,20160412 20160426 20160510 20160524 20160607 20160621 20160705 20160719 20160802 20160816 20160830 20160913 20160927 20161011 20161025 20161108 20161122 20161206 20161220 20170110 20170124 20170207 20170221 20170307 20170321
日之出町2,掛川市・菊川市衛生施設組合環境資源ギャラリー ,月 木,20160408 20160422 20160506 20160520 20160603 20160617 20160701 20160715 20160729 20160812 20160826 20160909 20160923 20161007 20161021 20161104 20161118 20161202 20161216 20161230 20170120 20170203 20170217 20170303 20170317 20170331,20160401 20160415 20160429 20160513 20160527 20160610 20160624 20160708 20160722 20160805 20160819 20160902 20160916 20160930 20161014 20161028 20161111 20161125 20161209 20161223 20170113 20170127 20170210 20170224 20170310 20170324
上本所上,掛川市・菊川市衛生施設組合環境資源ギャラリー ,月 木,20160408 20160422 20160506 20160520 20160603 20160617 20160701 20160715 20160729 20160812 20160826 20160909 20160923 20161007 20161021 20161104 20161118 20161202 20161216 20161230 20170120 20170203 20170217 20170303 20170317 20170331,20160401 20160415 20160429 20160513 20160527 20160610 20160624 20160708 20160722 20160805 20160819 20160902 20160916 20160930 20161014 20161028 20161111 20161125 20161209 20161223 20170113 20170127 20170210 20170224 20170310 20170324
上本所下,掛川市・菊川市衛生施設組合環境資源ギャラリー ,月 木,20160408 20160422 20160506 20160520 20160603 20160617 20160701 20160715 20160729 20160812 20160826 20160909 20160923 20161007 20161021 20161104 20161118 20161202 20161216 20161230 20170120 20170203 20170217 20170303 20170317 20170331,20160401 20160415 20160429 20160513 20160527 20160610 20160624 20160708 20160722 20160805 20160819 20160902 20160916 20160930 20161014 20161028 20161111 20161125 20161209 20161223 20170113 20170127 20170210 20170224 20170310 20170324
上本所団地,掛川市・菊川市衛生施設組合環境資源ギャラリー ,月 木,20160408 20160422 20160506 20160520 20160603 20160617 20160701 20160715 20160729 20160812 20160826 20160909 20160923 20161007 20161021 20161104 20161118 20161202 20161216 20161230 20170120 20170203 20170217 20170303 20170317 20170331,20160401 20160415 20160429 20160513 20160527 20160610 20160624 20160708 20160722 20160805 20160819 20160902 20160916 20160930 20161014 20161028 20161111 20161125 20161209 20161223 20170113 20170127 20170210 20170224 20170310 20170324
宮下,掛川市・菊川市衛生施設組合環境資源ギャラリー ,月 木,20160408 20160422 20160506 20160520 20160603 20160617 20160701 20160715 20160729 20160812 20160826 20160909 20160923 20161007 20161021 20161104 20161118 20161202 20161216 20161230 20170120 20170203 20170217 20170303 20170317 20170331,20160401 20160415 20160429 20160513 20160527 20160610 20160624 20160708 20160722 20160805 20160819 20160902 20160916 20160930 20161014 20161028 20161111 20161125 20161209 20161223 20170113 20170127 20170210 20170224 20170310 20170324
雇用促進第1,掛川市・菊川市衛生施設組合環境資源ギャラリー ,月 木,20160408 20160422 20160506 20160520 20160603 20160617 20160701 20160715 20160729 20160812 20160826 20160909 20160923 20161007 20161021 20161104 20161118 20161202 20161216 20161230 20170120 20170203 20170217 20170303 20170317 20170331,20160401 20160415 20160429 20160513 20160527 20160610 20160624 20160708 20160722 20160805 20160819 20160902 20160916 20160930 20161014 20161028 20161111 20161125 20161209 20161223 20170113 20170127 20170210 20170224 20170310 20170324
雇用促進第2,掛川市・菊川市衛生施設組合環境資源ギャラリー ,月 木,20160408 20160422 20160506 20160520 20160603 20160617 20160701 20160715 20160729 20160812 20160826 20160909 20160923 20161007 20161021 20161104 20161118 20161202 20161216 20161230 20170120 20170203 20170217 20170303 20170317 20170331,20160401 20160415 20160429 20160513 20160527 20160610 20160624 20160708 20160722 20160805 20160819 20160902 20160916 20160930 20161014 20161028 20161111 20161125 20161209 20161223 20170113 20170127 20170210 20170224 20170310 20170324
青葉台1,掛川市・菊川市衛生施設組合環境資源ギャラリー ,月 木,20160408 20160422 20160506 20160520 20160603 20160617 20160701 20160715 20160729 20160812 20160826 20160909 20160923 20161007 20161021 20161104 20161118 20161202 20161216 20161230 20170120 20170203 20170217 20170303 20170317 20170331,20160401 20160415 20160429 20160513 20160527 20160610 20160624 20160708 20160722 20160805 20160819 20160902 20160916 20160930 20161014 20161028 20161111 20161125 20161209 20161223 20170113 20170127 20170210 20170224 20170310 20170324
青葉台2,掛川市・菊川市衛生施設組合環境資源ギャラリー ,月 木,20160408 20160422 20160506 20160520 20160603 20160617 20160701 20160715 20160729 20160812 20160826 20160909 20160923 20161007 20161021 20161104 20161118 20161202 20161216 20161230 20170120 20170203 20170217 20170303 20170317 20170331,20160401 20160415 20160429 20160513 20160527 20160610 20160624 20160708 20160722 20160805 20160819 20160902 20160916 20160930 20161014 20161028 20161111 20161125 20161209 20161223 20170113 20170127 20170210 20170224 20170310 20170324
青葉台3,掛川市・菊川市衛生施設組合環境資源ギャラリー ,月 木,20160408 20160422 20160506 20160520 20160603 20160617 20160701 20160715 20160729 20160812 20160826 20160909 20160923 20161007 20161021 20161104 20161118 20161202 20161216 20161230 20170120 20170203 20170217 20170303 20170317 20170331,20160401 20160415 20160429 20160513 20160527 20160610 20160624 20160708 20160722 20160805 20160819 20160902 20160916 20160930 20161014 20161028 20161111 20161125 20161209 20161223 20170113 20170127 20170210 20170224 20170310 20170324
仲島,掛川市・菊川市衛生施設組合環境資源ギャラリー ,月 木,20160408 20160422 20160506 20160520 20160603 20160617 20160701 20160715 20160729 20160812 20160826 20160909 20160923 20161007 20161021 20161104 20161118 20161202 20161216 20161230 20170120 20170203 20170217 20170303 20170317 20170331,20160401 20160415 20160429 20160513 20160527 20160610 20160624 20160708 20160722 20160805 20160819 20160902 20160916 20160930 20161014 20161028 20161111 20161125 20161209 20161223 20170113 20170127 20170210 20170224 20170310 20170324
県営住宅,掛川市・菊川市衛生施設組合環境資源ギャラリー ,月 木,20160408 20160422 20160506 20160520 20160603 20160617 20160701 20160715 20160729 20160812 20160826 20160909 20160923 20161007 20161021 20161104 20161118 20161202 20161216 20161230 20170120 20170203 20170217 20170303 20170317 20170331,20160401 20160415 20160429 20160513 20160527 20160610 20160624 20160708 20160722 20160805 20160819 20160902 20160916 20160930 20161014 20161028 20161111 20161125 20161209 20161223 20170113 20170127 20170210 20170224 20170310 20170324
虹の丘,掛川市・菊川市衛生施設組合環境資源ギャラリー ,月 木,20160408 20160422 20160506 20160520 20160603 20160617 20160701 20160715 20160729 20160812 20160826 20160909 20160923 20161007 20161021 20161104 20161118 20161202 20161216 20161230 20170120 20170203 20170217 20170303 20170317 20170331,20160401 20160415 20160429 20160513 20160527 20160610 20160624 20160708 20160722 20160805 20160819 20160902 20160916 20160930 20161014 20161028 20161111 20161125 20161209 20161223 20170113 20170127 20170210 20170224 20170310 20170324
つつじヶ丘,掛川市・菊川市衛生施設組合環境資源ギャラリー ,月 木,20160408 20160422 20160506 20160520 20160603 20160617 20160701 20160715 20160729 20160812 20160826 20160909 20160923 20161007 20161021 20161104 20161118 20161202 20161216 20161230 20170120 20170203 20170217 20170303 20170317 20170331,20160401 20160415 20160429 20160513 20160527 20160610 20160624 20160708 20160722 20160805 20160819 20160902 20160916 20160930 20161014 20161028 20161111 20161125 20161209 20161223 20170113 20170127 20170210 20170224 20170310 20170324
上倉沢,掛川市・菊川市衛生施設組合環境資源ギャラリー ,月 木,20160408 20160422 20160506 20160520 20160603 20160617 20160701 20160715 20160729 20160812 20160826 20160909 20160923 20161007 20161021 20161104 20161118 20161202 20161216 20161230 20170120 20170203 20170217 20170303 20170317 20170331,20160405 20160419 20160503 20160517 20160531 20160614 20160628 20160712 20160726 20160809 20160823 20160906 20160920 20161004 20161018 20161101 20161115 20161129 20161213 20161227 20170117 20170131 20170214 20170228 20170314 20170328
下倉沢,掛川市・菊川市衛生施設組合環境資源ギャラリー ,月 木,20160408 20160422 20160506 20160520 20160603 20160617 20160701 20160715 20160729 20160812 20160826 20160909 20160923 20161007 20161021 20161104 20161118 20161202 20161216 20161230 20170120 20170203 20170217 20170303 20170317 20170331,20160405 20160419 20160503 20160517 20160531 20160614 20160628 20160712 20160726 20160809 20160823 20160906 20160920 20161004 20161018 20161101 20161115 20161129 20161213 20161227 20170117 20170131 20170214 20170228 20170314 20170328
六本松,掛川市・菊川市衛生施設組合環境資源ギャラリー ,月 木,20160408 20160422 20160506 20160520 20160603 20160617 20160701 20160715 20160729 20160812 20160826 20160909 20160923 20161007 20161021 20161104 20161118 20161202 20161216 20161230 20170120 20170203 20170217 20170303 20170317 20170331,20160405 20160419 20160503 20160517 20160531 20160614 20160628 20160712 20160726 20160809 20160823 20160906 20160920 20161004 20161018 20161101 20161115 20161129 20161213 20161227 20170117 20170131 20170214 20170228 20170314 20170328
友田,掛川市・菊川市衛生施設組合環境資源ギャラリー ,月 木,20160408 20160422 20160506 20160520 20160603 20160617 20160701 20160715 20160729 20160812 20160826 20160909 20160923 20161007 20161021 20161104 20161118 20161202 20161216 20161230 20170120 20170203 20170217 20170303 20170317 20170331,20160405 20160419 20160503 20160517 20160531 20160614 20160628 20160712 20160726 20160809 20160823 20160906 20160920 20161004 20161018 20161101 20161115 20161129 20161213 20161227 20170117 20170131 20170214 20170228 20170314 20170328
東冨田,掛川市・菊川市衛生施設組合環境資源ギャラリー ,月 木,20160408 20160422 20160506 20160520 20160603 20160617 20160701 20160715 20160729 20160812 20160826 20160909 20160923 20161007 20161021 20161104 20161118 20161202 20161216 20161230 20170120 20170203 20170217 20170303 20170317 20170331,20160405 20160419 20160503 20160517 20160531 20160614 20160628 20160712 20160726 20160809 20160823 20160906 20160920 20161004 20161018 20161101 20161115 20161129 20161213 20161227 20170117 20170131 20170214 20170228 20170314 20170328
西冨田,掛川市・菊川市衛生施設組合環境資源ギャラリー ,月 木,20160408 20160422 20160506 20160520 20160603 20160617 20160701 20160715 20160729 20160812 20160826 20160909 20160923 20161007 20161021 20161104 20161118 20161202 20161216 20161230 20170120 20170203 20170217 20170303 20170317 20170331,20160405 20160419 20160503 20160517 20160531 20160614 20160628 20160712 20160726 20160809 20160823 20160906 20160920 20161004 20161018 20161101 20161115 20161129 20161213 20161227 20170117 20170131 20170214 20170228 20170314 20170328
吉沢,掛川市・菊川市衛生施設組合環境資源ギャラリー ,月 木,20160408 20160422 20160506 20160520 20160603 20160617 20160701 20160715 20160729 20160812 20160826 20160909 20160923 20161007 20161021 20161104 20161118 20161202 20161216 20161230 20170120 20170203 20170217 20170303 20170317 20170331,20160405 20160419 20160503 20160517 20160531 20160614 20160628 20160712 20160726 20160809 20160823 20160906 20160920 20161004 20161018 20161101 20161115 20161129 20161213 20161227 20170117 20170131 20170214 20170228 20170314 20170328
沢水加,掛川市・菊川市衛生施設組合環境資源ギャラリー ,月 木,20160408 20160422 20160506 20160520 20160603 20160617 20160701 20160715 20160729 20160812 20160826 20160909 20160923 20161007 20161021 20161104 20161118 20161202 20161216 20161230 20170120 20170203 20170217 20170303 20170317 20170331,20160405 20160419 20160503 20160517 20160531 20160614 20160628 20160712 20160726 20160809 20160823 20160906 20160920 20161004 20161018 20161101 20161115 20161129 20161213 20161227 20170117 20170131 20170214 20170228 20170314 20170328
和田,掛川市・菊川市衛生施設組合環境資源ギャラリー ,月 木,20160408 20160422 20160506 20160520 20160603 20160617 20160701 20160715 20160729 20160812 20160826 20160909 20160923 20161007 20161021 20161104 20161118 20161202 20161216 20161230 20170120 20170203 20170217 20170303 20170317 20170331,20160405 20160419 20160503 20160517 20160531 20160614 20160628 20160712 20160726 20160809 20160823 20160906 20160920 20161004 20161018 20161101 20161115 20161129 20161213 20161227 20170117 20170131 20170214 20170228 20170314 20170328
潮海寺上,掛川市・菊川市衛生施設組合環境資源ギャラリー ,月 木,20160408 20160422 20160506 20160520 20160603 20160617 20160701 20160715 20160729 20160812 20160826 20160909 20160923 20161007 20161021 20161104 20161118 20161202 20161216 20161230 20170120 20170203 20170217 20170303 20170317 20170331,20160405 20160419 20160503 20160517 20160531 20160614 20160628 20160712 20160726 20160809 20160823 20160906 20160920 20161004 20161018 20161101 20161115 20161129 20161213 20161227 20170117 20170131 20170214 20170228 20170314 20170328
潮海寺中,掛川市・菊川市衛生施設組合環境資源ギャラリー ,月 木,20160408 20160422 20160506 20160520 20160603 20160617 20160701 20160715 20160729 20160812 20160826 20160909 20160923 20161007 20161021 20161104 20161118 20161202 20161216 20161230 20170120 20170203 20170217 20170303 20170317 20170331,20160405 20160419 20160503 20160517 20160531 20160614 20160628 20160712 20160726 20160809 20160823 20160906 20160920 20161004 20161018 20161101 20161115 20161129 20161213 20161227 20170117 20170131 20170214 20170228 20170314 20170328
潮海寺下,掛川市・菊川市衛生施設組合環境資源ギャラリー ,月 木,20160408 20160422 20160506 20160520 20160603 20160617 20160701 20160715 20160729 20160812 20160826 20160909 20160923 20161007 20161021 20161104 20161118 20161202 20161216 20161230 20170120 20170203 20170217 20170303 20170317 20170331,20160405 20160419 20160503 20160517 20160531 20160614 20160628 20160712 20160726 20160809 20160823 20160906 20160920 20161004 20161018 20161101 20161115 20161129 20161213 20161227 20170117 20170131 20170214 20170228 20170314 20170328
富士見台,掛川市・菊川市衛生施設組合環境資源ギャラリー ,月 木,20160408 20160422 20160506 20160520 20160603 20160617 20160701 20160715 20160729 20160812 20160826 20160909 20160923 20161007 20161021 20161104 20161118 20161202 20161216 20161230 20170120 20170203 20170217 20170303 20170317 20170331,20160405 20160419 20160503 20160517 20160531 20160614 20160628 20160712 20160726 20160809 20160823 20160906 20160920 20161004 20161018 20161101 20161115 20161129 20161213 20161227 20170117 20170131 20170214 20170228 20170314 20170328
志瑞,掛川市・菊川市衛生施設組合環境資源ギャラリー ,火 金,20160414 20160428 20160512 20160526 20160609 20160623 20160707 20160721 20160804 20160818 20160901 20160915 20160929 20161013 20161027 20161110 20161124 20161208 20161222 20170112 20170126 20170209 20170223 20170309 20170323,20160404 20160418 20160502 20160516 20160530 20160613 20160627 20160711 20160725 20160808 20160822 20160905 20160919 20161003 20161017 20161031 20161114 20161128 20161212 20161226 20170116 20170130 20170213 20170227 20170313 20170327 
石原,掛川市・菊川市衛生施設組合環境資源ギャラリー ,火 金,20160414 20160428 20160512 20160526 20160609 20160623 20160707 20160721 20160804 20160818 20160901 20160915 20160929 20161013 20161027 20161110 20161124 20161208 20161222 20170112 20170126 20170209 20170223 20170309 20170323,20160404 20160418 20160502 20160516 20160530 20160613 20160627 20160711 20160725 20160808 20160822 20160905 20160919 20161003 20161017 20161031 20161114 20161128 20161212 20161226 20170116 20170130 20170213 20170227 20170313 20170327 
八幡谷,掛川市・菊川市衛生施設組合環境資源ギャラリー ,火 金,20160414 20160428 20160512 20160526 20160609 20160623 20160707 20160721 20160804 20160818 20160901 20160915 20160929 20161013 20161027 20161110 20161124 20161208 20161222 20170112 20170126 20170209 20170223 20170309 20170323,20160404 20160418 20160502 20160516 20160530 20160613 20160627 20160711 20160725 20160808 20160822 20160905 20160919 20161003 20161017 20161031 20161114 20161128 20161212 20161226 20170116 20170130 20170213 20170227 20170313 20170327 
東組,掛川市・菊川市衛生施設組合環境資源ギャラリー ,火 金,20160414 20160428 20160512 20160526 20160609 20160623 20160707 20160721 20160804 20160818 20160901 20160915 20160929 20161013 20161027 20161110 20161124 20161208 20161222 20170112 20170126 20170209 20170223 20170309 20170323,20160404 20160418 20160502 20160516 20160530 20160613 20160627 20160711 20160725 20160808 20160822 20160905 20160919 20161003 20161017 20161031 20161114 20161128 20161212 20161226 20170116 20170130 20170213 20170227 20170313 20170327 
奥の谷,掛川市・菊川市衛生施設組合環境資源ギャラリー ,火 金,20160414 20160428 20160512 20160526 20160609 20160623 20160707 20160721 20160804 20160818 20160901 20160915 20160929 20161013 20161027 20161110 20161124 20161208 20161222 20170112 20170126 20170209 20170223 20170309 20170323,20160404 20160418 20160502 20160516 20160530 20160613 20160627 20160711 20160725 20160808 20160822 20160905 20160919 20161003 20161017 20161031 20161114 20161128 20161212 20161226 20170116 20170130 20170213 20170227 20170313 20170327 
新道,掛川市・菊川市衛生施設組合環境資源ギャラリー ,火 金,20160414 20160428 20160512 20160526 20160609 20160623 20160707 20160721 20160804 20160818 20160901 20160915 20160929 20161013 20161027 20161110 20161124 20161208 20161222 20170112 20170126 20170209 20170223 20170309 20170323,20160404 20160418 20160502 20160516 20160530 20160613 20160627 20160711 20160725 20160808 20160822 20160905 20160919 20161003 20161017 20161031 20161114 20161128 20161212 20161226 20170116 20170130 20170213 20170227 20170313 20170327 
下新道,掛川市・菊川市衛生施設組合環境資源ギャラリー ,火 金,20160414 20160428 20160512 20160526 20160609 20160623 20160707 20160721 20160804 20160818 20160901 20160915 20160929 20161013 20161027 20161110 20161124 20161208 20161222 20170112 20170126 20170209 20170223 20170309 20170323,20160404 20160418 20160502 20160516 20160530 20160613 20160627 20160711 20160725 20160808 20160822 20160905 20160919 20161003 20161017 20161031 20161114 20161128 20161212 20161226 20170116 20170130 20170213 20170227 20170313 20170327 
本町,掛川市・菊川市衛生施設組合環境資源ギャラリー ,火 金,20160414 20160428 20160512 20160526 20160609 20160623 20160707 20160721 20160804 20160818 20160901 20160915 20160929 20161013 20161027 20161110 20161124 20161208 20161222 20170112 20170126 20170209 20170223 20170309 20170323,20160404 20160418 20160502 20160516 20160530 20160613 20160627 20160711 20160725 20160808 20160822 20160905 20160919 20161003 20161017 20161031 20161114 20161128 20161212 20161226 20170116 20170130 20170213 20170227 20170313 20170327 
岳洋,掛川市・菊川市衛生施設組合環境資源ギャラリー ,火 金,20160414 20160428 20160512 20160526 20160609 20160623 20160707 20160721 20160804 20160818 20160901 20160915 20160929 20161013 20161027 20161110 20161124 20161208 20161222 20170112 20170126 20170209 20170223 20170309 20170323,20160404 20160418 20160502 20160516 20160530 20160613 20160627 20160711 20160725 20160808 20160822 20160905 20160919 20161003 20161017 20161031 20161114 20161128 20161212 20161226 20170116 20170130 20170213 20170227 20170313 20170327 
五反通,掛川市・菊川市衛生施設組合環境資源ギャラリー ,火 金,20160414 20160428 20160512 20160526 20160609 20160623 20160707 20160721 20160804 20160818 20160901 20160915 20160929 20161013 20161027 20161110 20161124 20161208 20161222 20170112 20170126 20170209 20170223 20170309 20170323,20160404 20160418 20160502 20160516 20160530 20160613 20160627 20160711 20160725 20160808 20160822 20160905 20160919 20161003 20161017 20161031 20161114 20161128 20161212 20161226 20170116 20170130 20170213 20170227 20170313 20170327 
志茂組,掛川市・菊川市衛生施設組合環境資源ギャラリー ,火 金,20160414 20160428 20160512 20160526 20160609 20160623 20160707 20160721 20160804 20160818 20160901 20160915 20160929 20161013 20161027 20161110 20161124 20161208 20161222 20170112 20170126 20170209 20170223 20170309 20170323,20160404 20160418 20160502 20160516 20160530 20160613 20160627 20160711 20160725 20160808 20160822 20160905 20160919 20161003 20161017 20161031 20161114 20161128 20161212 20161226 20170116 20170130 20170213 20170227 20170313 20170327 
河東西,掛川市・菊川市衛生施設組合環境資源ギャラリー ,火 金,20160414 20160428 20160512 20160526 20160609 20160623 20160707 20160721 20160804 20160818 20160901 20160915 20160929 20161013 20161027 20161110 20161124 20161208 20161222 20170112 20170126 20170209 20170223 20170309 20170323,20160407 20160421 20160505 20160519 20160602 20160616 20160630 20160714 20160728 20160811 20160825 20160908 20160922 20161006 20161020 20161103 20161117 20161201 20161215 20170105 20170119 20170202 20170216 20170302 20170316 20170330
河東中,掛川市・菊川市衛生施設組合環境資源ギャラリー ,火 金,20160414 20160428 20160512 20160526 20160609 20160623 20160707 20160721 20160804 20160818 20160901 20160915 20160929 20161013 20161027 20161110 20161124 20161208 20161222 20170112 20170126 20170209 20170223 20170309 20170323,20160407 20160421 20160505 20160519 20160602 20160616 20160630 20160714 20160728 20160811 20160825 20160908 20160922 20161006 20161020 20161103 20161117 20161201 20161215 20170105 20170119 20170202 20170216 20170302 20170316 20170330
東河東,掛川市・菊川市衛生施設組合環境資源ギャラリー ,火 金,20160414 20160428 20160512 20160526 20160609 20160623 20160707 20160721 20160804 20160818 20160901 20160915 20160929 20161013 20161027 20161110 20161124 20161208 20161222 20170112 20170126 20170209 20170223 20170309 20170323,20160407 20160421 20160505 20160519 20160602 20160616 20160630 20160714 20160728 20160811 20160825 20160908 20160922 20161006 20161020 20161103 20161117 20161201 20161215 20170105 20170119 20170202 20170216 20170302 20170316 20170330
南町,掛川市・菊川市衛生施設組合環境資源ギャラリー ,火 金,20160414 20160428 20160512 20160526 20160609 20160623 20160707 20160721 20160804 20160818 20160901 20160915 20160929 20161013 20161027 20161110 20161124 20161208 20161222 20170112 20170126 20170209 20170223 20170309 20170323,20160407 20160421 20160505 20160519 20160602 20160616 20160630 20160714 20160728 20160811 20160825 20160908 20160922 20161006 20161020 20161103 20161117 20161201 20161215 20170105 20170119 20170202 20170216 20170302 20170316 20170330
山西,掛川市・菊川市衛生施設組合環境資源ギャラリー ,火 金,20160414 20160428 20160512 20160526 20160609 20160623 20160707 20160721 20160804 20160818 20160901 20160915 20160929 20161013 20161027 20161110 20161124 20161208 20161222 20170112 20170126 20170209 20170223 20170309 20170323,20160407 20160421 20160505 20160519 20160602 20160616 20160630 20160714 20160728 20160811 20160825 20160908 20160922 20161006 20161020 20161103 20161117 20161201 20161215 20170105 20170119 20170202 20170216 20170302 20170316 20170330
高橋口,掛川市・菊川市衛生施設組合環境資源ギャラリー ,火 金,20160414 20160428 20160512 20160526 20160609 20160623 20160707 20160721 20160804 20160818 20160901 20160915 20160929 20161013 20161027 20161110 20161124 20161208 20161222 20170112 20170126 20170209 20170223 20170309 20170323,20160407 20160421 20160505 20160519 20160602 20160616 20160630 20160714 20160728 20160811 20160825 20160908 20160922 20161006 20161020 20161103 20161117 20161201 20161215 20170105 20170119 20170202 20170216 20170302 20170316 20170330
高橋中,掛川市・菊川市衛生施設組合環境資源ギャラリー ,火 金,20160414 20160428 20160512 20160526 20160609 20160623 20160707 20160721 20160804 20160818 20160901 20160915 20160929 20161013 20161027 20161110 20161124 20161208 20161222 20170112 20170126 20170209 20170223 20170309 20170323,20160407 20160421 20160505 20160519 20160602 20160616 20160630 20160714 20160728 20160811 20160825 20160908 20160922 20161006 20161020 20161103 20161117 20161201 20161215 20170105 20170119 20170202 20170216 20170302 20170316 20170330
原磯部,掛川市・菊川市衛生施設組合環境資源ギャラリー ,火 金,20160414 20160428 20160512 20160526 20160609 20160623 20160707 20160721 20160804 20160818 20160901 20160915 20160929 20161013 20161027 20161110 20161124 20161208 20161222 20170112 20170126 20170209 20170223 20170309 20170323,20160407 20160421 20160505 20160519 20160602 20160616 20160630 20160714 20160728 20160811 20160825 20160908 20160922 20161006 20161020 20161103 20161117 20161201 20161215 20170105 20170119 20170202 20170216 20170302 20170316 20170330
南ニュータウン,掛川市・菊川市衛生施設組合環境資源ギャラリー ,火 金,20160414 20160428 20160512 20160526 20160609 20160623 20160707 20160721 20160804 20160818 20160901 20160915 20160929 20161013 20161027 20161110 20161124 20161208 20161222 20170112 20170126 20170209 20170223 20170309 20170323,20160407 20160421 20160505 20160519 20160602 20160616 20160630 20160714 20160728 20160811 20160825 20160908 20160922 20161006 20161020 20161103 20161117 20161201 20161215 20170105 20170119 20170202 20170216 20170302 20170316 20170330
大門,掛川市・菊川市衛生施設組合環境資源ギャラリー ,火 金,20160414 20160428 20160512 20160526 20160609 20160623 20160707 20160721 20160804 20160818 20160901 20160915 20160929 20161013 20161027 20161110 20161124 20161208 20161222 20170112 20170126 20170209 20170223 20170309 20170323,20160407 20160421 20160505 20160519 20160602 20160616 20160630 20160714 20160728 20160811 20160825 20160908 20160922 20161006 20161020 20161103 20161117 20161201 20161215 20170105 20170119 20170202 20170216 20170302 20170316 20170330
サンライズ,掛川市・菊川市衛生施設組合環境資源ギャラリー ,火 金,20160414 20160428 20160512 20160526 20160609 20160623 20160707 20160721 20160804 20160818 20160901 20160915 20160929 20161013 20161027 20161110 20161124 20161208 20161222 20170112 20170126 20170209 20170223 20170309 20170323,20160407 20160421 20160505 20160519 20160602 20160616 20160630 20160714 20160728 20160811 20160825 20160908 20160922 20161006 20161020 20161103 20161117 20161201 20161215 20170105 20170119 20170202 20170216 20170302 20170316 20170330
上平川,掛川市・菊川市衛生施設組合環境資源ギャラリー ,月 木,20160401 20160415 20160429 20160513 20160527 20160610 20160624 20160708 20160722 20160805 20160819 20160902 20160916 20160930 20161014 20161028 20161111 20161125 20161209 20161223 20170113 20170127 20170210 20170224 20170310 20170324,20160408 20160422 20160506 20160520 20160603 20160617 20160701 20160715 20160729 20160812 20160826 20160909 20160923 20161007 20161021 20161104 20161118 20161202 20161216 20170106 20170120 20170203 20170217 20170303 20170317 20170331
池村,掛川市・菊川市衛生施設組合環境資源ギャラリー ,月 木,20160401 20160415 20160429 20160513 20160527 20160610 20160624 20160708 20160722 20160805 20160819 20160902 20160916 20160930 20161014 20161028 20161111 20161125 20161209 20161223 20170113 20170127 20170210 20170224 20170310 20170324,20160408 20160422 20160506 20160520 20160603 20160617 20160701 20160715 20160729 20160812 20160826 20160909 20160923 20161007 20161021 20161104 20161118 20161202 20161216 20170106 20170120 20170203 20170217 20170303 20170317 20170331
堤,掛川市・菊川市衛生施設組合環境資源ギャラリー ,月 木,20160401 20160415 20160429 20160513 20160527 20160610 20160624 20160708 20160722 20160805 20160819 20160902 20160916 20160930 20161014 20161028 20161111 20161125 20161209 20161223 20170113 20170127 20170210 20170224 20170310 20170324,20160408 20160422 20160506 20160520 20160603 20160617 20160701 20160715 20160729 20160812 20160826 20160909 20160923 20161007 20161021 20161104 20161118 20161202 20161216 20170106 20170120 20170203 20170217 20170303 20170317 20170331
東嶺田,掛川市・菊川市衛生施設組合環境資源ギャラリー ,月 木,20160401 20160415 20160429 20160513 20160527 20160610 20160624 20160708 20160722 20160805 20160819 20160902 20160916 20160930 20161014 20161028 20161111 20161125 20161209 20161223 20170113 20170127 20170210 20170224 20170310 20170324,20160408 20160422 20160506 20160520 20160603 20160617 20160701 20160715 20160729 20160812 20160826 20160909 20160923 20161007 20161021 20161104 20161118 20161202 20161216 20170106 20170120 20170203 20170217 20170303 20170317 20170331
中嶺田,掛川市・菊川市衛生施設組合環境資源ギャラリー ,月 木,20160401 20160415 20160429 20160513 20160527 20160610 20160624 20160708 20160722 20160805 20160819 20160902 20160916 20160930 20161014 20161028 20161111 20161125 20161209 20161223 20170113 20170127 20170210 20170224 20170310 20170324,20160408 20160422 20160506 20160520 20160603 20160617 20160701 20160715 20160729 20160812 20160826 20160909 20160923 20161007 20161021 20161104 20161118 20161202 20161216 20170106 20170120 20170203 20170217 20170303 20170317 20170331
西嶺田,掛川市・菊川市衛生施設組合環境資源ギャラリー ,月 木,20160401 20160415 20160429 20160513 20160527 20160610 20160624 20160708 20160722 20160805 20160819 20160902 20160916 20160930 20161014 20161028 20161111 20161125 20161209 20161223 20170113 20170127 20170210 20170224 20170310 20170324,20160408 20160422 20160506 20160520 20160603 20160617 20160701 20160715 20160729 20160812 20160826 20160909 20160923 20161007 20161021 20161104 20161118 20161202 20161216 20170106 20170120 20170203 20170217 20170303 20170317 20170331
大石,掛川市・菊川市衛生施設組合環境資源ギャラリー ,月 木,20160401 20160415 20160429 20160513 20160527 20160610 20160624 20160708 20160722 20160805 20160819 20160902 20160916 20160930 20161014 20161028 20161111 20161125 20161209 20161223 20170113 20170127 20170210 20170224 20170310 20170324,20160408 20160422 20160506 20160520 20160603 20160617 20160701 20160715 20160729 20160812 20160826 20160909 20160923 20161007 20161021 20161104 20161118 20161202 20161216 20170106 20170120 20170203 20170217 20170303 20170317 20170331
西ヶ崎,掛川市・菊川市衛生施設組合環境資源ギャラリー ,月 木,20160401 20160415 20160429 20160513 20160527 20160610 20160624 20160708 20160722 20160805 20160819 20160902 20160916 20160930 20161014 20161028 20161111 20161125 20161209 20161223 20170113 20170127 20170210 20170224 20170310 20170324,20160408 20160422 20160506 20160520 20160603 20160617 20160701 20160715 20160729 20160812 20160826 20160909 20160923 20161007 20161021 20161104 20161118 20161202 20161216 20170106 20170120 20170203 20170217 20170303 20170317 20170331
堂山,掛川市・菊川市衛生施設組合環境資源ギャラリー ,月 木,20160401 20160415 20160429 20160513 20160527 20160610 20160624 20160708 20160722 20160805 20160819 20160902 20160916 20160930 20161014 20161028 20161111 20161125 20161209 20161223 20170113 20170127 20170210 20170224 20170310 20170324,20160408 20160422 20160506 20160520 20160603 20160617 20160701 20160715 20160729 20160812 20160826 20160909 20160923 20161007 20161021 20161104 20161118 20161202 20161216 20170106 20170120 20170203 20170217 20170303 20170317 20170331
布引原,掛川市・菊川市衛生施設組合環境資源ギャラリー ,月 木,20160401 20160415 20160429 20160513 20160527 20160610 20160624 20160708 20160722 20160805 20160819 20160902 20160916 20160930 20161014 20161028 20161111 20161125 20161209 20161223 20170113 20170127 20170210 20170224 20170310 20170324,20160413 20160427 20160511 20160525 20160608 20160622 20160706 20160720 20160803 20160817 20160831 20160914 20160928 20161012 20161026 20161109 20161123 20161207 20161221 20170111 20170125 20170208 20170222 20170308 20170322
丹野,掛川市・菊川市衛生施設組合環境資源ギャラリー ,月 木,20160401 20160415 20160429 20160513 20160527 20160610 20160624 20160708 20160722 20160805 20160819 20160902 20160916 20160930 20161014 20161028 20161111 20161125 20161209 20161223 20170113 20170127 20170210 20170224 20170310 20170324,20160413 20160427 20160511 20160525 20160608 20160622 20160706 20160720 20160803 20160817 20160831 20160914 20160928 20161012 20161026 20161109 20161123 20161207 20161221 20170111 20170125 20170208 20170222 20170308 20170322
古谷,掛川市・菊川市衛生施設組合環境資源ギャラリー ,月 木,20160401 20160415 20160429 20160513 20160527 20160610 20160624 20160708 20160722 20160805 20160819 20160902 20160916 20160930 20161014 20161028 20161111 20161125 20161209 20161223 20170113 20170127 20170210 20170224 20170310 20170324,20160413 20160427 20160511 20160525 20160608 20160622 20160706 20160720 20160803 20160817 20160831 20160914 20160928 20161012 20161026 20161109 20161123 20161207 20161221 20170111 20170125 20170208 20170222 20170308 20170322
川東,掛川市・菊川市衛生施設組合環境資源ギャラリー ,月 木,20160401 20160415 20160429 20160513 20160527 20160610 20160624 20160708 20160722 20160805 20160819 20160902 20160916 20160930 20161014 20161028 20161111 20161125 20161209 20161223 20170113 20170127 20170210 20170224 20170310 20170324,20160413 20160427 20160511 20160525 20160608 20160622 20160706 20160720 20160803 20160817 20160831 20160914 20160928 20161012 20161026 20161109 20161123 20161207 20161221 20170111 20170125 20170208 20170222 20170308 20170322
川中,掛川市・菊川市衛生施設組合環境資源ギャラリー ,月 木,20160401 20160415 20160429 20160513 20160527 20160610 20160624 20160708 20160722 20160805 20160819 20160902 20160916 20160930 20161014 20161028 20161111 20161125 20161209 20161223 20170113 20170127 20170210 20170224 20170310 20170324,20160413 20160427 20160511 20160525 20160608 20160622 20160706 20160720 20160803 20160817 20160831 20160914 20160928 20161012 20161026 20161109 20161123 20161207 20161221 20170111 20170125 20170208 20170222 20170308 20170322
川西,掛川市・菊川市衛生施設組合環境資源ギャラリー ,月 木,20160401 20160415 20160429 20160513 20160527 20160610 20160624 20160708 20160722 20160805 20160819 20160902 20160916 20160930 20161014 20161028 20161111 20161125 20161209 20161223 20170113 20170127 20170210 20170224 20170310 20170324,20160413 20160427 20160511 20160525 20160608 20160622 20160706 20160720 20160803 20160817 20160831 20160914 20160928 20161012 20161026 20161109 20161123 20161207 20161221 20170111 20170125 20170208 20170222 20170308 20170322
三協,掛川市・菊川市衛生施設組合環境資源ギャラリー ,月 木,20160401 20160415 20160429 20160513 20160527 20160610 20160624 20160708 20160722 20160805 20160819 20160902 20160916 20160930 20161014 20161028 20161111 20161125 20161209 20161223 20170113 20170127 20170210 20170224 20170310 20170324,20160413 20160427 20160511 20160525 20160608 20160622 20160706 20160720 20160803 20160817 20160831 20160914 20160928 20161012 20161026 20161109 20161123 20161207 20161221 20170111 20170125 20170208 20170222 20170308 20170322
棚草,掛川市・菊川市衛生施設組合環境資源ギャラリー ,月 木,20160401 20160415 20160429 20160513 20160527 20160610 20160624 20160708 20160722 20160805 20160819 20160902 20160916 20160930 20161014 20161028 20161111 20161125 20161209 20161223 20170113 20170127 20170210 20170224 20170310 20170324,20160413 20160427 20160511 20160525 20160608 20160622 20160706 20160720 20160803 20160817 20160831 20160914 20160928 20161012 20161026 20161109 20161123 20161207 20161221 20170111 20170125 20170208 20170222 20170308 20170322
赤土上,掛川市・菊川市衛生施設組合環境資源ギャラリー ,月 木,20160401 20160415 20160429 20160513 20160527 20160610 20160624 20160708 20160722 20160805 20160819 20160902 20160916 20160930 20161014 20161028 20161111 20161125 20161209 20161223 20170113 20170127 20170210 20170224 20170310 20170324,20160413 20160427 20160511 20160525 20160608 20160622 20160706 20160720 20160803 20160817 20160831 20160914 20160928 20161012 20161026 20161109 20161123 20161207 20161221 20170111 20170125 20170208 20170222 20170308 20170322
赤土下,掛川市・菊川市衛生施設組合環境資源ギャラリー ,月 木,20160401 20160415 20160429 20160513 20160527 20160610 20160624 20160708 20160722 20160805 20160819 20160902 20160916 20160930 20161014 20161028 20161111 20161125 20161209 20161223 20170113 20170127 20170210 20170224 20170310 20170324,20160413 20160427 20160511 20160525 20160608 20160622 20160706 20160720 20160803 20160817 20160831 20160914 20160928 20161012 20161026 20161109 20161123 20161207 20161221 20170111 20170125 20170208 20170222 20170308 20170322
赤土団地,掛川市・菊川市衛生施設組合環境資源ギャラリー ,月 木,20160401 20160415 20160429 20160513 20160527 20160610 20160624 20160708 20160722 20160805 20160819 20160902 20160916 20160930 20161014 20161028 20161111 20161125 20161209 20161223 20170113 20170127 20170210 20170224 20170310 20170324,20160413 20160427 20160511 20160525 20160608 20160622 20160706 20160720 20160803 20160817 20160831 20160914 20160928 20161012 20161026 20161109 20161123 20161207 20161221 20170111 20170125 20170208 20170222 20170308 20170322
城山下,掛川市・菊川市衛生施設組合環境資源ギャラリー ,月 木,20160401 20160415 20160429 20160513 20160527 20160610 20160624 20160708 20160722 20160805 20160819 20160902 20160916 20160930 20161014 20161028 20161111 20161125 20161209 20161223 20170113 20170127 20170210 20170224 20170310 20170324,20160413 20160427 20160511 20160525 20160608 20160622 20160706 20160720 20160803 20160817 20160831 20160914 20160928 20161012 20161026 20161109 20161123 20161207 20161221 20170111 20170125 20170208 20170222 20170308 20170322
花水木,掛川市・菊川市衛生施設組合環境資源ギャラリー ,月 木,20160401 20160415 20160429 20160513 20160527 20160610 20160624 20160708 20160722 20160805 20160819 20160902 20160916 20160930 20161014 20161028 20161111 20161125 20161209 20161223 20170113 20170127 20170210 20170224 20170310 20170324,20160413 20160427 20160511 20160525 20160608 20160622 20160706 20160720 20160803 20160817 20160831 20160914 20160928 20161012 20161026 20161109 20161123 20161207 20161221 20170111 20170125 20170208 20170222 20170308 20170322
